品牌,加油站名稱,行政區,地址,緯度,經度,座標來源,查詢狀態,備註
台灣中油,七股站加油站,七股區,臺南市七股區玉成里玉成18-2號,23.136820,120.134831,map.com.tw-js:2,成功,
台灣中油,台糖三股加油站,七股區,臺南市七股區永吉里永吉1-25號,23.102879,120.131458,map.com.tw-js:2,成功,
台灣中油,台糖國聖加油站,七股區,臺南市七股區義合108號,23.102165,120.131959,map.com.tw-js:2,成功,
台灣中油,國賓七股加油站,七股區,臺南市七股區七股里七股3-28號,23.130688,120.132813,map.com.tw-js:2,成功,
台灣中油,篤加加油站,七股區,臺南市七股區篤加里篤加1-33號,23.155972,120.134429,map.com.tw-js:2,成功,
台灣中油,府前路站加油站,中西區,臺南市中西區府前路二段256號,22.991920,120.191444,map.com.tw-js:2,成功,
台灣中油,仁德服務區北上站加油站,仁德區,臺南市仁德區中洲路1巷210號,22.906477,120.266422,map.com.tw-js:2,成功,
台灣中油,仁德服務區南下站加油站,仁德區,臺南市仁德區中洲路1巷230號,22.906064,120.264804,map.com.tw-js:2,成功,
台灣中油,大德加油站,仁德區,臺南市仁德區三甲里三甲子57-10號,22.927804,120.243326,map.com.tw-js:2,成功,
台塑石化,久井佳里加油站,佳里區,臺南市佳里區民安里同安寮76-5號,23.166341,120.194677,map.com.tw-js:2,成功,
台灣中油,佳興加油站,佳里區,臺南市佳里區興化里佳里興570-50號,23.185168,120.185471,map.com.tw-js:2,成功,
台灣中油,國賓加油站,佳里區,臺南市佳里區民安里同安寮1-9號,23.165485,120.188708,map.com.tw-js:2,成功,
台塑石化,福懋佳里,佳里區,臺南市佳里區安西里71-21號,23.174042,120.174233,map.com.tw-js:2,成功,
台塑石化,統一佳里本站,佳里區,臺南市佳里區鎮山94-78號,23.151965,120.184690,map.com.tw-js:2,成功,
台塑石化,嘉南加油站,六甲區,臺南市六甲區龜港里龜子港248號,23.256914,120.312681,map.com.tw-js:2,成功,
台塑石化,山隆六甲加油站,六甲區,臺南市六甲區龜港里龜子港21號,23.246340,120.314103,map.com.tw-js:2,成功,
台灣中油,北門站加油站,北門區,臺南市北門區仁里里二重港108號,23.267663,120.125510,map.com.tw-js:2,成功,
台塑石化,久井南橫起點加油站,南化區,臺南市南化區北寮里北寮58-5號,23.079723,120.488763,map.com.tw-js:2,成功,
台灣中油,再傳加油站,南化區,臺南市南化區玉山里55-3號,23.043054,120.477814,map.com.tw-js:2,成功,
台灣中油,南化站加油站,南化區,臺南市南化區南化里217號,23.043054,120.477814,map.com.tw-js:2,成功,
台灣中油,北基善化加油站,善化區,臺南市善化區嘉北里茄拔1號-13,23.142403,120.327241,map.com.tw-js:2,成功,
台灣中油,台糖曾文加油站,善化區,臺南市善化區六分里溪底寮67號,23.157975,120.294846,map.com.tw-js:2,成功,
台灣中油,山隆善化加油站,善化區,臺南市善化區小新里 小新營361號,23.116457,120.318885,map.com.tw-js:2,成功,
台灣中油,茄拔站加油站,善化區,臺南市善化區嘉北里茄拔2-30號,23.144364,120.327908,map.com.tw-js:2,成功,
台灣中油,大內站加油站,大內區,臺南市大內區石城里石子瀨122-12號,23.121135,120.354685,map.com.tw-js:2,成功,
台灣中油,佳億加油站,學甲區,臺南市學甲區平西里西平寮12號,23.263798,120.210392,map.com.tw-js:2,成功,
台灣中油,加州加油站,安南區,臺南市安南區長和街一段95號,23.063695,120.214812,map.com.tw-js:2,成功,
台灣中油,中油安定交流道站加油站,安定區,臺南市安定區安加里安定258-12號,23.113503,120.235359,map.com.tw-js:2,成功,
台塑石化,全國安定交流道加油站,安定區,臺南市安定區安加里安定11之29號,23.119887,120.246463,map.com.tw-js:2,成功,
台塑石化,台亞安定交流道加油站,安定區,臺南市安定區安加里安定258-61號,23.115330,120.239325,map.com.tw-js:2,成功,
台灣中油,安定交流道加油站,安定區,臺南市安定區安加里安定258之55號,23.109883,120.236168,map.com.tw-js:2,成功,
台灣中油,山隆安定加油站,安定區,臺南市安定區蘇厝里蘇厝304-8號,24.997100,121.485900,map.com.tw-js:iMarker,成功,
台灣中油,海寮加油站,安定區,臺南市安定區海寮里海寮7之10號,23.090930,120.210384,map.com.tw-js:2,成功,
台塑石化,福懋安定加油站,安定區,臺南市安定區安定里安定258之59號,23.114887,120.237150,map.com.tw-js:2,成功,
台塑石化,統一中崙加油站,安定區,臺南市安定區中沙里沙崙49號,23.073530,120.213816,map.com.tw-js:2,成功,
台塑石化,統一海寮加油站,安定區,臺南市安定區海寮里132-131號,23.121555,120.237008,map.com.tw-js:2,成功,
台灣中油,南部加油站,官田區,臺南市官田區南部里南部154-8號,23.214013,120.307671,map.com.tw-js:2,成功,
台灣中油,官田加油站,官田區,臺南市官田區官田里官田259之5號,23.179853,120.337369,map.com.tw-js:2,成功,
台灣中油,新中加油站,官田區,臺南市官田區渡頭里三塊厝7-66號,23.164329,120.341257,map.com.tw-js:2,成功,
台灣中油,烏山頭交流道站加油站,官田區,臺南市官田區嘉南78-15號,23.212437,120.353630,map.com.tw-js:2,成功,
台灣中油,順宇加油站,官田區,臺南市官田區湖山里烏山頭91-100號,23.216242,120.349773,map.com.tw-js:2,成功,
台灣中油,將軍交流道加油站,將軍區,臺南市將軍區長沙里長沙139號,23.214859,120.109764,map.com.tw-js:2,成功,
台灣中油,將軍站加油站,將軍區,臺南市將軍區忠嘉里忠興162-1號,23.204543,120.159228,map.com.tw-js:2,成功,
台灣中油,將農加油站,將軍區,臺南市將軍區長榮里180-30號,23.195597,120.145945,map.com.tw-js:2,成功,
台灣中油,台糖豐德加油站,山上區,臺南市山上區豐德里隙子口1-1號,23.079124,120.367570,map.com.tw-js:2,成功,
台灣中油,山上站加油站,山上區,臺南市山上區明和里232號,23.103643,120.352380,map.com.tw-js:2,成功,
台灣中油,左鎮站加油站,左鎮,臺南市左鎮區睦光里睦光5-2號,23.060302,120.416375,map.com.tw-js:2,成功,
台灣中油,新左鎮加油站,左鎮,臺南市左鎮區榮和里菜寮62-31號,23.062520,120.390196,map.com.tw-js:2,成功,
台灣中油,佳昌加油站,後壁區,臺南市後壁區頂安里頂寮54之30號,23.338305,120.352559,map.com.tw-js:2,成功,
台灣中油,台糖樹安加油站,後壁區,臺南市後壁區長安里中寮29-30號,23.332959,120.362760,map.com.tw-js:2,成功,
台灣中油,吉克加油站,後壁區,臺南市後壁區上茄苳146號之48,23.387601,120.377809,map.com.tw-js:2,成功,
台灣中油,後壁站加油站,後壁區,臺南市後壁區後壁里42號,23.389416,120.379902,map.com.tw-js:2,成功,
台灣中油,新營服務區北上加油站,後壁區,臺南市後壁區竹新里新厝70號,23.339928,120.313338,map.com.tw-js:2,成功,
台灣中油,新營服務區南下站加油站,後壁區,臺南市後壁區竹新里新厝71號,23.339568,120.311173,map.com.tw-js:2,成功,
台灣中油,那拔林加油站,新化區,臺南市新化區那拔里牧場71號,23.064191,120.336815,map.com.tw-js:2,成功,
台灣中油,中油南科站加油站,新市,臺南市新市區南科二路3號,23.096321,120.286955,map.com.tw-js:2,成功,
台塑石化,久井新市加油站,新市,臺南市新市區中山路326號,23.066932,120.289199,map.com.tw-js:2,成功,
台塑石化,全國新市交流道加油站,新市,臺南市新市區社內143之60號,23.065245,120.277983,map.com.tw-js:2,成功,
台灣中油,北基新市加油站,新市,臺南市新市區中山路227-3號,23.067243,120.290831,map.com.tw-js:2,成功,
台灣中油,南科新市交流道加油站,新市,臺南市新市區新港社大道188號,23.067751,120.280495,map.com.tw-js:2,成功,
台灣中油,台糖大營加油站,新市,臺南市新市區大營里大營1-11號,23.107511,120.318474,map.com.tw-js:2,成功,
台灣中油,台糖潭頂加油站,新市,臺南市新市區潭頂里潭頂542之1號,23.076053,120.317939,map.com.tw-js:2,成功,
台灣中油,新市站加油站,新市,臺南市新市區中山路156號,23.073514,120.299879,map.com.tw-js:2,成功,
台塑石化,統一新市加油站,新市,臺南市新市區中正路320號,23.078726,120.292468,map.com.tw-js:2,成功,
台塑石化,統一精工新市二加油站,新市,臺南市新市區中山路67號,23.078305,120.302843,map.com.tw-js:2,成功,
台灣中油,西拉雅站加油站,新市,臺南市新市區復興路850 號,23.105858,120.294915,map.com.tw-js:2,成功,
台灣中油,金田加油站,新市,臺南市新市區中山路10-16號,23.084469,120.304578,map.com.tw-js:2,成功,
台灣中油,東山服務區站加油站,東山區,臺南市東山區枋子林74-6號,23.284611,120.397647,map.com.tw-js:2,成功,
台灣中油,東山站加油站,東山區,臺南市東山區東正里東勢240號,23.329716,120.407218,map.com.tw-js:2,成功,
台灣中油,東誠加油站,東山區,臺南市東山區東山里東山 242-15 號,23.328121,120.406523,map.com.tw-js:2,成功,
台灣中油,淺山東原加油站,東山區,臺南市東山區東原里瓦厝子4-2號,23.269329,120.447891,map.com.tw-js:2,成功,
台灣中油,台糖太康加油站,柳營區,臺南市柳營區太康里200號,23.278491,120.311758,map.com.tw-js:2,成功,
台灣中油,吉克柳營加油站,柳營區,臺南市柳營區光褔里柳營132-38號,23.270542,120.315144,map.com.tw-js:2,成功,
台灣中油,柳營交流道加油站,柳營區,臺南市柳營區果毅里果毅後60-12號,23.259572,120.372859,map.com.tw-js:2,成功,
台灣中油,大楠西加油站,楠西區,臺南市楠西區鹿田里油車15-30號,23.160603,120.489415,map.com.tw-js:2,成功,
台灣中油,台糖六甲加油站,歸仁區,臺南市歸仁區新生街116號,23.192182,120.318389,map.com.tw-js:2,成功,
台灣中油,大佳加油站,歸仁區,臺南市歸仁區民族北街二號,22.967308,120.292362,map.com.tw-js:2,成功,
台灣中油,加泓加油站,永康區,臺南市永康區鹽行里中正路353號,23.035394,120.243237,map.com.tw-js:2,成功,
台灣中油,台糖永安加油站,永康區,臺南市永康區永安路350號,23.049293,120.241159,map.com.tw-js:2,成功,
台灣中油,瑞曜加油站,永康區,臺南市永康區二王里中山南路426號,23.017172,120.238696,map.com.tw-js:2,成功,
台灣中油,遠大加油站,永康區,臺南市永康區民族路七號,23.000663,120.273624,map.com.tw-js:2,成功,
台灣中油,大玉井加油站,玉井區,臺南市玉井區沙田里沙田21-21號,23.115577,120.471150,map.com.tw-js:2,成功,
台灣中油,新玉井站加油站,玉井區,臺南市玉井區礁吧哖西路155號,23.121192,120.454614,map.com.tw-js:2,成功,
台灣中油,走馬瀨加油站,玉井區,臺南市玉井區豐里里豐里89-8號,23.123699,120.460163,map.com.tw-js:2,成功,
台灣中油,白河交流道站加油站,白河區,臺南市白河區糞箕湖122之15號,23.345085,120.428131,map.com.tw-js:2,成功,
台灣中油,白河站加油站,白河區,臺南市白河區新厝子142號,23.348889,120.407530,map.com.tw-js:2,成功,
台塑石化,關仔嶺加油站,白河區,臺南市白河區虎山里木屐寮1-26號,23.348450,120.447366,map.com.tw-js:2,成功,
台塑石化,統一西港加油站,西港區,臺南市西港區營西里後營1號,23.139020,120.216545,map.com.tw-js:2,成功,
台灣中油,台大鹽水加油站,鹽水區,臺南市鹽水區義稠里義稠158號,23.320430,120.255633,map.com.tw-js:2,成功,
台塑石化,全國麻豆交站,麻豆區,臺南市麻豆區苓子林17-7號,23.178956,120.230209,map.com.tw-js:2,成功,
台灣中油,台糖文正加油站,麻豆區,臺南市麻豆區南勢里南勢86-8號,23.189058,120.268824,map.com.tw-js:2,成功,
台灣中油,安業加油站,麻豆區,臺南市麻豆區安東里安業275-6號,23.163165,120.246714,map.com.tw-js:2,成功,
台灣中油,金嘉旺加油站,麻豆區,臺南市麻豆區南勢里關帝廟17-19號,23.192551,120.257938,map.com.tw-js:2,成功,
台灣中油,麻新加油站,麻豆區,臺南市麻豆區麻佳路566號,23.185155,120.241094,map.com.tw-js:2,成功,
台灣中油,關廟服務區北上加油站,龍崎區,臺南市龍崎區楠坑里楠坑12-1號,22.931562,120.352185,map.com.tw-js:2,成功,
台灣中油,關廟服務區南下加油站,龍崎區,臺南市龍崎區楠坑里楠坑12-1號,22.931562,120.352185,map.com.tw-js:2,成功,
台灣中油,龍崎站加油站,龍崎區,臺南市龍崎區崎頂里新市子102-1號,22.963442,120.364720,map.com.tw-js:2,成功,
