source_id,name,district,addr_raw,address_norm,center_source,match_level,lon,lat
27257432,台南市第二十分公司,七股區,臺南市七股區大埕村272號1樓,台南市七股區大埕村272號,NONE,NONE,,
80353589,台南縣第七十四分公司,七股區,臺南市七股區七股村14鄰154之1號1樓,台南市七股區七股村14鄰154之1號,NONE,NONE,,
28439328,第三五六一分公司,七股區,臺南市七股區大潭村台潭25號1樓,台南市七股區大潭村台潭25號,NONE,NONE,,
90107741,第五0三七分公司,七股區,臺南市七股區三股里三股29之5號,台南市七股區三股里三股29之5號,NONE,NONE,,
97502583,第五一五Ｏ分公司,七股區,臺南市七股區樹林38號1樓,台南市七股區樹林38號,NONE,NONE,,
60475666,第五五四〇分公司,七股區,臺南市七股區竹橋43之1號1樓,台南市七股區竹橋43之1號,NONE,NONE,,
27235682,台南縣第六十分公司,下營區,臺南市下營區中營村十五鄰一二八六號一樓,台南市下營區中營村十五鄰一二八六號,NONE,NONE,,
16091717,台南巿第１０３分公司,中西區,臺南市中西區大涼里中華西路二段三十六號１樓,台南市中西區大涼里中華西路2段三十六號,NONE,NONE,,
96973311,台南巿第８１分公司,中西區,臺南市中西區民生里永華路１８４、１８４–１號１樓,台南市中西區民生里永華路184、184–1號,NONE,NONE,,
97176172,台南巿第８８分公司,中西區,臺南市中西區西門路二段３８４號,台南市中西區西門路2段384號,NONE,NONE,,
97173652,台南市第８７分公司,中西區,臺南市中西區西和路1、3號1樓,台南市中西區西和路1、3號,NONE,NONE,,
27238180,台南市第一五四分公司,中西區,臺南市中西區永福里忠義路二段一０九號一樓,台南市中西區永福里忠義路2段一0九號,NONE,NONE,,
51874717,台南市第二三八分公司,中西區,臺南市中西區大涼里府前路二段277號,台南市中西區大涼里府前路2段277號,NONE,NONE,,
27931610,仁德德洋分公司,仁德區,臺南市仁德區後壁村德洋路248之1號1樓,台南市仁德區後壁村德洋路248之1號,NONE,NONE,,
27238581,仁德鼎安分公司,仁德區,臺南市仁德區後壁村德安路1之1號1樓,台南市仁德區後壁村德安路1之1號,NONE,NONE,,
54379487,台南市第二0六分公司,仁德區,臺南市仁德區德南路22巷1、3號、24、26號1樓,台南市仁德區德南路22巷1、3號,NONE,NONE,,
16434919,台南縣第６１分公司,仁德區,臺南市仁德區中正路二段１０５２號,台南市仁德區中正路2段1052號,NONE,NONE,,
16448857,台南縣第７２分公司,仁德區,臺南市仁德區田厝村１鄰中正路一段５２７．５２９號,台南市仁德區田厝村1鄰中正路1段527529號,NONE,NONE,,
27255510,台南縣第一六三分公司,仁德區,臺南市仁德區中洲村中洲路1巷220號1樓,台南市仁德區中洲村中洲路1巷220號,NONE,NONE,,
27255504,台南縣第一六四分公司,仁德區,臺南市仁德區中洲村中洲路1巷200號1樓,台南市仁德區中洲村中洲路1巷200號,NONE,NONE,,
27244768,第２８４６分公司,仁德區,臺南市仁德區中正路一段三四０號一樓,台南市仁德區中正路1段三四0號,NONE,NONE,,
70795832,台南佳里店分公司,佳里區,臺南市佳里區民安里同安寮80之2號,台南市佳里區民安里同安寮80之2號,NONE,NONE,,
91052343,台南市第三八七分公司,佳里區,臺南市佳里區佳興里佳里興570-51號1樓,台南市佳里區佳興里佳里興570號,NONE,NONE,,
53947960,第四０五０分公司,佳里區,臺南市佳里區六安117號之46,台南市佳里區六安117號,NONE,NONE,,
83477803,臺南市第三四三分公司,佳里區,臺南市佳里區塭內里塭子內12-1號,台南市佳里區塭內里塭子內12號,NONE,NONE,,
00220296,台南市第三○二分公司,六甲區,臺南市六甲區龜港里龜子港122號,台南市六甲區龜港里龜子港122號,NONE,NONE,,
53664759,台南市第二一六分公司,六甲區,臺南市六甲區林鳳營111-8號1樓,台南市六甲區林鳳營111號,NONE,NONE,,
27926095,台南國宅分公司,北區,臺南市北區大道里北門路二段545號1樓,台南市北區大道里北門路2段545號,NONE,NONE,,
16448483,台南巿第６８分公司,北區,臺南市北區大豐里文賢路３１５號１樓,台南市北區大豐里文賢路315號,NONE,NONE,,
89401197,台南巿第７２分公司,北區,臺南市北區仁愛里勝利路１９２．１９４號１樓,台南市北區仁愛里勝利路192194號,NONE,NONE,,
97178024,台南巿第９５分公司,北區,臺南市北區大豐里二十七鄰中華北路一段１４３號,台南市北區大豐里二十七鄰中華北路1段143號,NONE,NONE,,
16841676,台南市第一二四分公司,北區,臺南市北區大豐里和緯路五段七十六號一樓,台南市北區大豐里和緯路5段七十六號,NONE,NONE,,
27925461,台南市第一六九分公司,北區,臺南市北區大道里北門路2段500號1樓,台南市北區大道里北門路2段500號,NONE,NONE,,
54915311,台南市第三一三分公司,北區,臺南市北區海安路3段219巷5號1樓,台南市北區海安路3段219巷5號,NONE,NONE,,
60600025,台南市第三○八分公司,北區,臺南市北區大和里大港街106號,台南市北區大和里大港街106號,NONE,NONE,,
28981139,台南市第二一○分公司,北區,臺南市北區大和里23鄰大港街140號1樓,台南市北區大和里23鄰大港街140號,NONE,NONE,,
53669614,台南市第二二一分公司,北區,臺南市北區小東路307巷75、77號1樓,台南市北區小東路307巷75、77號,NONE,NONE,,
22656558,台南市第十六分公司,北區,臺南市北區公園路599之11號1樓,台南市北區公園路599之11號,NONE,NONE,,
94273904,台南市第四五五分公司,北區,臺南市北區中華北路一段78巷53號1樓,台南市北區中華北路1段78巷53號,NONE,NONE,,
94016722,第五O八八分公司,北區,臺南市北區和緯路4段95巷65號1樓,台南市北區和緯路4段95巷65號,NONE,NONE,,
60405091,第五五四五分公司,北區,臺南市北區開元路485巷37號1樓及39號1樓,台南市北區開元路485巷37號,NONE,NONE,,
80023672,台南縣第一三四分公司,北門區,臺南市北門區鯤江村蚵寮841之1號1樓,台南市北門區鯤江村蚵寮841之1號,NONE,NONE,,
24793305,第四二八一分公司,北門區,臺南市北門區永隆里北門1號1樓,台南市北門區永隆里北門1號,NONE,NONE,,
51780900,台南市第二八七分公司,南化區,臺南市南化區南化里128號1樓,台南市南化區南化里128號,NONE,NONE,,
91052408,第四八九九分公司,南化區,臺南市南化區北寮里北寮11號1樓,台南市南化區北寮里北寮11號,NONE,NONE,,
23827448,台南巿第四十六分公司,南區,臺南市南區大恩里國民路152號1樓,台南市南區大恩里國民路152號,NONE,NONE,,
54918231,台南市第三一六分公司,南區,臺南市南區大同路2段136巷3號1樓,台南市南區大同路2段136巷3號,NONE,NONE,,
54382862,台南市第二一0分公司,南區,臺南市南區大同路二段136巷2號,台南市南區大同路2段136巷2號,NONE,NONE,,
90728447,台南市第二七○分公司,南區,臺南市南區郡南里德興路47之1號,台南市南區郡南里德興路47之1號,NONE,NONE,,
54378038,台南市第二三九分公司,南區,臺南市南區大忠里中華南路1段178號1樓,台南市南區大忠里中華南路1段178號,NONE,NONE,,
51665606,台南市第二三六分公司,南區,臺南市南區喜北里喜樹路220號,台南市南區喜北里喜樹路220號,NONE,NONE,,
90270270,台南興昌分公司,南區,臺南市南區大成里興昌路38巷1號,台南市南區大成里興昌路38巷1號,NONE,NONE,,
28428764,第三五二二分公司,南區,臺南市南區開南里新建路37巷2號1樓,台南市南區開南里新建路37巷2號,NONE,NONE,,
90678283,台南市第二七四分公司,善化區,臺南市善化區胡家里胡厝寮29之6號,台南市善化區胡家里胡厝寮29之6號,NONE,NONE,,
53677332,台南市第二二六分公司,善化區,臺南市善化區嘉北里13鄰352號1樓,台南市善化區嘉北里13鄰352號,NONE,NONE,,
97615616,台南市第四八八分公司,善化區,臺南市善化區昌隆里東勢寮186-9號1樓,台南市善化區昌隆里東勢寮186號,NONE,NONE,,
93502099,台南市第四六二分公司,善化區,臺南市善化區胡家里胡厝寮30-3號1樓,台南市善化區胡家里胡厝寮30號,NONE,NONE,,
27938445,台南縣第一八八分公司,善化區,臺南市善化區什乃里10鄰什乃190號,台南市善化區什乃里10鄰什乃190號,NONE,NONE,,
27257720,台南縣第一六八分公司,善化區,臺南市善化區田寮里7鄰六分寮74-1號1樓,台南市善化區田寮里7鄰六分寮74號,NONE,NONE,,
28435385,台南縣第二二七分公司,善化區,臺南市善化區小新里7鄰成功路173之1號1樓,台南市善化區小新里7鄰成功路173之1號,NONE,NONE,,
53028203,善化和平分公司,善化區,臺南市善化區中山路231之6號1樓,台南市善化區中山路231之6號,NONE,NONE,,
90181930,台南市第四一四分公司,大內區,臺南市大內區內庄172-8號1樓,台南市大內區內庄172號,NONE,NONE,,
28437031,台南縣第二三０分公司,大內區,臺南市大內區石城村16鄰石子瀨122之153號1樓,台南市大內區石城村16鄰石子瀨122之153號,NONE,NONE,,
96797552,台南市第五四０分公司,學甲區,臺南市學甲區光華里中洲571號1樓,台南市學甲區光華里中洲571號,NONE,NONE,,
27251508,台南大安分公司,安南區,臺南市安南區大安里大安街140號1樓,台南市安南區大安里大安街140號,NONE,NONE,,
70773366,台南安中分公司,安南區,臺南市安南區梅花里安中路一段699巷1號1樓,台南市安南區梅花里安中路1段699巷1號,NONE,NONE,,
89391971,台南巿第六十六分公司,安南區,臺南市安南區淵中里安中路三段４３５．４３７號１樓,台南市安南區淵中里安中路3段435437號,NONE,NONE,,
24788675,台南市第一一五分公司,安南區,臺南市安南區塭南里22鄰長和路2段12巷272號1樓,台南市安南區塭南里22鄰長和路2段12巷272號,NONE,NONE,,
27259641,台南市第一六三分公司,安南區,臺南市安南區鹿耳里鹽田路2號1樓,台南市安南區鹿耳里鹽田路2號,NONE,NONE,,
70770608,台南市第一四四分公司,安南區,臺南市安南區安東里安和路一段三０八號,台南市安南區安東里安和路1段三0八號,NONE,NONE,,
83360986,台南市第三六四分公司,安南區,臺南市安南區溪東里府安路五段98巷56弄33號1樓,台南市安南區溪東里府安路5段98巷56弄33號,NONE,NONE,,
54391996,台南市第二一二分公司,安南區,臺南市安南區長和路二段12巷275號,台南市安南區長和路2段12巷275號,NONE,NONE,,
24814126,台南市第二九一分公司,安南區,臺南市安南區梅花里安中路1段701巷33、35號1樓,台南市安南區梅花里安中路1段701巷33、35號,NONE,NONE,,
83526712,台南市第二五O分公司,安南區,臺南市安南區海佃里國安街56巷73號、75號,台南市安南區海佃里國安街56巷73號,NONE,NONE,,
60635679,台南市第四九三分公司,安南區,臺南市安南區大安里義安街86巷29、31號1樓,台南市安南區大安里義安街86巷29、31號,NONE,NONE,,
00189318,台南市第四八二分公司,安南區,臺南市安南區海佃路四段55巷177號1樓,台南市安南區海佃路4段55巷177號,NONE,NONE,,
80688038,南縣南定分公司,安定區,臺南市安定區六嘉村三二之一號一樓,台南市安定區六嘉村三二之一號,NONE,NONE,,
53657384,台南市第三三五分公司,安定區,臺南市安定區港口245-10號1樓,台南市安定區港口245號,NONE,NONE,,
91080116,台南市第三八四分公司,安定區,臺南市安定區嘉同里六塊寮10-13、10-15號1樓,台南市安定區嘉同里六塊寮10-13、10號,NONE,NONE,,
51684625,台南市第二八四分公司,安定區,臺南市安定區安加里安定407號1樓,台南市安定區安加里安定407號,NONE,NONE,,
89128938,台南市第四三五分公司,安定區,臺南市安定區中榮里許中營78-10號1樓,台南市安定區中榮里許中營78號,NONE,NONE,,
60756510,台南市第四九二分公司,安定區,臺南市安定區港南里港口55-1號1樓,台南市安定區港南里港口55號,NONE,NONE,,
00051881,台南市第四八一分公司,安定區,臺南市安定區港尾里港子尾38-3號1樓,台南市安定區港尾里港子尾38號,NONE,NONE,,
94160676,台南市第四六０分公司,安定區,臺南市安定區蘇厝里蘇厝289-11號1樓,台南市安定區蘇厝里蘇厝289號,NONE,NONE,,
16745982,台南縣第８２分公司,安定區,臺南市安定區港南村港口一六三號,台南市安定區港南村港口一六三號,NONE,NONE,,
16749713,台南縣第８４分公司,安定區,臺南市安定區海寮村海寮段八號,台南市安定區海寮村海寮段八號,NONE,NONE,,
28437026,台南縣第二二九分公司,安定區,臺南市安定區新吉村新吉126-12、126-13號1樓,台南市安定區新吉村新吉126-12、126號,NONE,NONE,,
28434338,台南縣第二二六分公司,安定區,臺南市安定區蘇林村7號1樓,台南市安定區蘇林村7號,NONE,NONE,,
53002528,安定保安分公司,安定區,臺南市安定區保西村339之1號、339之3號1樓,台南市安定區保西村339之1號,NONE,NONE,,
28430488,安定善高分公司,安定區,臺南市安定區蘇厝村蘇厝293之68號,台南市安定區蘇厝村蘇厝293之68號,NONE,NONE,,
91045765,安定安加分公司,安定區,臺南市安定區安加里安定262之22號、262之23號,台南市安定區安加里安定262之22號,NONE,NONE,,
53004434,安定海寮分公司,安定區,臺南市安定區海寮10-2號、10-3號1樓,台南市安定區海寮10號,NONE,NONE,,
94178752,第五O二七分公司,安定區,臺南市安定區海寮32-1號,台南市安定區海寮32號,NONE,NONE,,
94010255,第五一一五分公司,安定區,臺南市安定區大同89號1樓,台南市安定區大同89號,NONE,NONE,,
27943215,台南國平分公司,安平區,臺南市安平區平通里國平路599之1號,台南市安平區平通里國平路599之1號,NONE,NONE,,
27231840,台南市第一五０分公司,安平區,臺南市安平區海興里十四鄰安北路一七０之三號一樓,台南市安平區海興里十四鄰安北路一七0之三號,NONE,NONE,,
24796730,第四二四O分公司,安平區,臺南市安平區國平里健康三街188之1號1樓,台南市安平區國平里健康三街188之1號,NONE,NONE,,
27257735,台南縣第一六九分公司,官田區,臺南市官田區湖山村98之5號1樓,台南市官田區湖山村98之5號,NONE,NONE,,
28420518,台南縣第二０八分公司,官田區,臺南市官田區二鎮村25鄰工社西街25巷81號,台南市官田區二鎮村25鄰工社西街25巷81號,NONE,NONE,,
53010549,第五十七分公司,官田區,臺南市官田區南廍里南廍32號1樓,台南市官田區南廍里南廍32號,NONE,NONE,,
54374363,台南市第二三八分公司,將軍區,臺南市將軍區長榮里長榮29-2號1樓,台南市將軍區長榮里長榮29號,NONE,NONE,,
27940322,台南縣第一八九分公司,將軍區,臺南市將軍區將富村5鄰49之8號,台南市將軍區將富村5鄰49之8號,NONE,NONE,,
27931273,第3205分公司,將軍區,臺南市將軍區西華村西華67之23號1樓,台南市將軍區西華村西華67之23號,NONE,NONE,,
83351620,第四六六九分公司,將軍區,臺南市將軍區平沙里平沙1-19號1樓,台南市將軍區平沙里平沙1號,NONE,NONE,,
80023130,台南市第九十八分公司,山上區,臺南市山上區南洲337-3號1樓,台南市山上區南洲337號,NONE,NONE,,
83111489,台南市第二六三分公司,山上區,臺南市山上區明和里明和196－1號,台南市山上區明和里明和196號,NONE,NONE,,
90527878,台南市第四００分公司,山上區,臺南市山上區山上里山上249、249-1、249-2號1樓,台南市山上區山上里山上249、249-1、249號,NONE,NONE,,
54373527,台南市第二三二分公司,後壁區,臺南市後壁區菁寮346號1樓,台南市後壁區菁寮346號,NONE,NONE,,
70824983,台南市第二十六分公司,後壁區,臺南市後壁區後壁村3鄰後壁71號,台南市後壁區後壁村3鄰後壁71號,NONE,NONE,,
93502318,台南市第四六三分公司,後壁區,臺南市後壁區長短樹里10鄰長短樹24-2號,台南市後壁區長短樹里10鄰長短樹24號,NONE,NONE,,
93515854,台南後壁分公司,後壁區,臺南市後壁區後壁里後壁97-2、97-3號,台南市後壁區後壁里後壁97-2、97號,NONE,NONE,,
27236872,台南縣第一四九分公司,後壁區,臺南市後壁區福安村200號,台南市後壁區福安村200號,NONE,NONE,,
80357369,後壁茄苳分公司,後壁區,臺南市後壁區嘉民里上茄苳146之32號,台南市後壁區嘉民里上茄苳146之32號,NONE,NONE,,
53663029,新營國道北分公司,後壁區,臺南市後壁區竹新里新厝72號,台南市後壁區竹新里新厝72號,NONE,NONE,,
53662838,新營國道南分公司,後壁區,臺南市後壁區竹新里新厝69號,台南市後壁區竹新里新厝69號,NONE,NONE,,
96780905,第五一九四分公司,後壁區,臺南市後壁區上茄苳127號,台南市後壁區上茄苳127號,NONE,NONE,,
91074389,第四六七八分公司,後壁區,臺南市後壁區後壁195之17號1樓,台南市後壁區後壁195之17號,NONE,NONE,,
53672575,台南市第二二三分公司,新化區,臺南市新化區知母義15號之201樓,台南市新化區知母義15號,NONE,NONE,,
16749158,台南縣第８３分公司,新化區,臺南市新化區拔里拔林241號1樓,台南市新化區拔里拔林241號,NONE,NONE,,
82948480,第四六三六分公司,新化區,臺南市新化區崙子頂64之3、64之5號,台南市新化區崙子頂64之3、64之5號,NONE,NONE,,
83140668,台南市第三五六分公司,新市,臺南市新市區中正路193號,台南市新市區中正路193號,NONE,NONE,,
83751392,台南市第三四六分公司,新市,臺南市新市區潭頂里潭頂400號,台南市新市區潭頂里潭頂400號,NONE,NONE,,
51547101,台南市第二七九分公司,新市,臺南市新市區三舍里三舍55號1樓,台南市新市區三舍里三舍55號,NONE,NONE,,
53669635,台南市第二二０分公司,新市,臺南市新市區大社里大社710號1樓,台南市新市區大社里大社710號,NONE,NONE,,
90593320,台南市第二八四分公司,新市,臺南市新市區社內里社內8－12號,台南市新市區社內里社內8號,NONE,NONE,,
83635205,台南市第二六○分公司,新市,臺南市新市區社內里社內102—5號,台南市新市區社內里社內102—5號,NONE,NONE,,
54915760,台南市第二四六分公司,新市,臺南市新市區大營里陽光大道26號、28號,台南市新市區大營里陽光大道26號,NONE,NONE,,
27255693,台南市第六十五分公司,新市,臺南市新市區仁愛街169、171號1樓,台南市新市區仁愛街169、171號,NONE,NONE,,
89185536,台南市第四三八分公司,新市,臺南市新市區復興路173、175號1樓,台南市新市區復興路173、175號,NONE,NONE,,
16442170,台南縣第６８分公司,新市,臺南市新市區永就村中華路五十三巷９號１樓,台南市新市區永就村中華路五十三巷9號,NONE,NONE,,
16747813,台南縣第６分公司,新市,臺南市新市區中興街162號1樓,台南市新市區中興街162號,NONE,NONE,,
70804868,台南縣第一０一分公司,新市,臺南市新市區大順三路125號,台南市新市區大順三路125號,NONE,NONE,,
70764134,台南縣第一一一分公司,新市,臺南市新市區大營村大營一三六之一號,台南市新市區大營村大營一三六之一號,NONE,NONE,,
80031271,台南縣第一三七分公司,新市,臺南市新市區南科三路17號1樓、19樓1樓,台南市新市區南科三路17號,NONE,NONE,,
89406756,台南縣第三十八分公司,新市,臺南市新市區復興路59、61、63號1樓,台南市新市區復興路59、61、63號,NONE,NONE,,
28432937,台南縣第三十六分公司,新市,臺南市新市區社內村1鄰社內12之5號1樓,台南市新市區社內村1鄰社內12之5號,NONE,NONE,,
28990046,新市大社分公司,新市,臺南市新市區大社村335號,台南市新市區大社村335號,NONE,NONE,,
70802735,台南市四十四分公司,新營區,臺南市新營區太子宮142之34號,台南市新營區太子宮142之34號,NONE,NONE,,
24815461,台南市第二四一分公司,新營區,臺南市新營區大宏里三民路52號1樓,台南市新營區大宏里三民路52號,NONE,NONE,,
93784506,台南市第四四九分公司,新營區,臺南市新營區太子宮140之2號1樓,台南市新營區太子宮140之2號,NONE,NONE,,
95438903,新營三民分公司,新營區,臺南市新營區大宏里三民路18號1樓,台南市新營區大宏里三民路18號,NONE,NONE,,
80035207,新營新興分公司,新營區,臺南市新營區忠政里中正路39之9號1樓,台南市新營區忠政里中正路39之9號,NONE,NONE,,
80538257,台南南森分公司,東區,臺南市東區林森路2段192巷29號1樓,台南市東區林森路2段192巷29號,NONE,NONE,,
16081767,台南巿第１００分公司,東區,臺南市東區路東里大同路二段九十五–３號１樓,台南市東區路東里大同路2段九十五–3號,NONE,NONE,,
22660342,台南巿第十九分公司,東區,臺南市東區林森路一段184號1樓,台南市東區林森路1段184號,NONE,NONE,,
24817284,台南市第二九八分公司,東區,臺南市東區林森路2段192巷24弄5、7號1樓,台南市東區林森路2段192巷24弄5、7號,NONE,NONE,,
83557186,台南市第二五九分公司,東區,臺南市東區大學里長榮路三段39號1、2樓,台南市東區大學里長榮路3段39號,NONE,NONE,,
90225796,台南市第二八六分公司,東區,臺南市東區忠孝里中華東路三段380巷1號1樓,台南市東區忠孝里中華東路3段380巷1號,NONE,NONE,,
83636703,台南市第二六一分公司,東區,臺南市東區大福里榮譽街61號,台南市東區大福里榮譽街61號,NONE,NONE,,
54387212,台南市第二四六分公司,東區,臺南市東區大智里德東街101號1樓,台南市東區大智里德東街101號,NONE,NONE,,
53671772,第四一0九分公司,東區,臺南市東區大同里大同路1段59號1樓,台南市東區大同里大同路1段59號,NONE,NONE,,
23825482,臺南巿第四十三分公司,東區,臺南市東區大興里大同路一段２５７、２５９、２６１號１樓,台南市東區大興里大同路1段257、259、261號,NONE,NONE,,
53665390,台南市第二一七分公司,東山區,臺南市東山區前大埔191號1樓,台南市東山區前大埔191號,NONE,NONE,,
90182115,台南市第四一五分公司,東山區,臺南市東山區科里里枋子林74之6號1樓,台南市東山區科里里枋子林74之6號,NONE,NONE,,
83140371,台南市第三五五分公司,柳營區,臺南市柳營區果毅里果毅後14-1號1樓,台南市柳營區果毅里果毅後14號,NONE,NONE,,
80027467,柳營重溪分公司,柳營區,臺南市柳營區重溪村小腳腿12號1樓,台南市柳營區重溪村小腳腿12號,NONE,NONE,,
24816932,台南市第二九六分公司,歸仁區,臺南市歸仁區大潭里中正南路3段22號1樓,台南市歸仁區大潭里中正南路3段22號,NONE,NONE,,
95452637,台南市第四七二分公司,歸仁區,臺南市歸仁區大潭里長榮路一段297之1號1樓,台南市歸仁區大潭里長榮路1段297之1號,NONE,NONE,,
70763418,台南縣第一一０分公司,歸仁區,臺南市歸仁區南興村一鄰民生北街一０六號一樓,台南市歸仁區南興村一鄰民生北街一0六號,NONE,NONE,,
27948963,台南縣第一九三分公司,歸仁區,臺南市歸仁區大廟村10鄰大廟一街1號1樓,台南市歸仁區大廟村10鄰大廟一街1號,NONE,NONE,,
90717764,台南市第三七八分公司,永康區,臺南市永康區中華路617之1號1樓,台南市永康區中華路617之1號,NONE,NONE,,
54374390,台南市第二三六分公司,永康區,臺南市永康區新樹里中山北路634巷7號1樓,台南市永康區新樹里中山北路634巷7號,NONE,NONE,,
24800262,台南市第二六五分公司,永康區,臺南市永康區二王里忠孝路429巷15弄6號1樓,台南市永康區二王里忠孝路429巷15弄6號,NONE,NONE,,
97160087,台南市第二十七分公司,永康區,臺南市永康區成功里中華路10巷2號1樓、中華路8-7號1樓,台南市永康區成功里中華路10巷2號,NONE,NONE,,
00032512,台南市第四七九分公司,永康區,臺南市永康區大橋里大橋一街245號1樓,台南市永康區大橋里大橋一街245號,NONE,NONE,,
16833535,台南縣第８７分公司,永康區,臺南市永康區埔園里二十四鄰中正路一０二號一樓,台南市永康區埔園里二十四鄰中正路一0二號,NONE,NONE,,
28428856,台南縣第二二０分公司,永康區,臺南市永康區大灣里民族路409號1樓,台南市永康區大灣里民族路409號,NONE,NONE,,
27932054,台南縣第一七九分公司,白河區,臺南市白河區昇安里1鄰三間厝2-56號1樓,台南市白河區昇安里1鄰三間厝2號,NONE,NONE,,
28428504,台南縣第二一八分公司,白河區,臺南市白河區仙草6-30號1樓,台南市白河區仙草6號,NONE,NONE,,
28421426,台南縣第二○九分公司,白河區,臺南市白河區河東里9鄰糞箕湖122之35號,台南市白河區河東里9鄰糞箕湖122之35號,NONE,NONE,,
54912052,第四五八二分公司,白河區,臺南市白河區關嶺里38之1號1樓,台南市白河區關嶺里38之1號,NONE,NONE,,
70824999,台南市第八十三分公司,西港區,臺南市西港區營西村1鄰1號,台南市西港區營西村1鄰1號,NONE,NONE,,
51013302,西港新興分公司,西港區,臺南市西港區慶安里新興街8之78號,台南市西港區慶安里新興街8之78號,NONE,NONE,,
27935144,台南縣第一八五分公司,鹽水區,臺南市鹽水區歡雅里2鄰26號,台南市鹽水區歡雅里2鄰26號,NONE,NONE,,
28428498,台南縣第二一七分公司,鹽水區,臺南市鹽水區義稠110之19號,台南市鹽水區義稠110之19號,NONE,NONE,,
53006735,台南鹽水分公司,鹽水區,臺南市鹽水區後厝70號,台南市鹽水區後厝70號,NONE,NONE,,
27925027,鹽水朝琴分公司,鹽水區,臺南市鹽水區水秀里朝琴路140之2號1樓,台南市鹽水區水秀里朝琴路140之2號,NONE,NONE,,
83140689,台南市第三五八分公司,麻豆區,臺南市麻豆區井東里磚子井141-21號1樓,台南市麻豆區井東里磚子井141號,NONE,NONE,,
24817067,台南市第二九七分公司,麻豆區,臺南市麻豆區油車里油車24-1號1樓,台南市麻豆區油車里油車24號,NONE,NONE,,
94239982,台南市第四五八分公司,麻豆區,臺南市麻豆區謝厝寮里謝厝寮30-30號1樓,台南市麻豆區謝厝寮里謝厝寮30號,NONE,NONE,,
28410498,台南縣第一九七分公司,麻豆區,臺南市麻豆區晉江里民權路10之1號1樓,台南市麻豆區晉江里民權路10之1號,NONE,NONE,,
28417582,台南縣第二０五分公司,麻豆區,臺南市麻豆區南勢里16鄰南勢36-205號,台南市麻豆區南勢里16鄰南勢36號,NONE,NONE,,
28436434,台南縣第二二八分公司,麻豆區,臺南市麻豆區大山里8鄰大山腳1之80號1樓,台南市麻豆區大山里8鄰大山腳1之80號,NONE,NONE,,
28974453,第三六六九分公司,麻豆區,臺南市麻豆區寮里寮子166之17號1樓,台南市麻豆區寮里寮子166之17號,NONE,NONE,,
24808497,第四二六九分公司,麻豆區,臺南市麻豆區麻口里麻豆口1之39號,台南市麻豆區麻口里麻豆口1之39號,NONE,NONE,,
90620614,麻豆博愛分公司,麻豆區,臺南市麻豆區大埕里博愛路3-1號1、2樓,台南市麻豆區大埕里博愛路3號,NONE,NONE,,
43220601,麻豆興中分公司,麻豆區,臺南市麻豆區東角里興中路248之21號,台南市麻豆區東角里興中路248之21號,NONE,NONE,,
90182136,台南市第四一七分公司,龍崎區,臺南市龍崎區楠坑里楠坑12之1號1樓,台南市龍崎區楠坑里楠坑12之1號,NONE,NONE,,
90182121,台南市第四一六分公司,龍崎區,臺南市龍崎區楠坑里楠坑12之1號1樓,台南市龍崎區楠坑里楠坑12之1號,NONE,NONE,,
94185297,台南市第四五四分公司,龍崎區,臺南市龍崎區崎頂里新市子202號1樓,台南市龍崎區崎頂里新市子202號,NONE,NONE,,
22656473,臺南市第８分公司,,臺南市中華路一段６１２號１樓,台南市中華路1段612號,NONE,NONE,,
