id,district,project_name,road,builder,building_permit_no,building_permit_date,address_seed,address_norm,center_source,match_level,lon,lat,project_key
908,七股區,元氣小鎮,竹橋9號旁,安富億建設股份有限公司,(113)南工造字第01901號,,台南市七股區竹橋9號旁,台南市七股區竹橋9號,NONE,NONE,,,元氣小鎮
846,七股區,旺第好蘊,176縣道123號,旺第建設有限公司負責人程麗絹,(114)南工造字第00048號,,台南市七股區176縣道123號,台南市七股區176縣道123號,NONE,NONE,,,旺第好蘊
661,七股區,瑞士山莊9,義合段,城悅開發建設有限公司,(112)南工造字第02754號,,台南市七股區義合段,台南市七股區義合段,ADDRESS_POINT_BASE,SECTION_CENTROID_義合段,120.14912031033488,23.111580936141724,瑞士山莊9
443,七股區,金艷富邸10,樹林里樹林,嬿銡建設有限公司  代表人鄭嬿雯,(111)南工造字第03136號,,台南市七股區樹林里樹林,台南市七股區樹林里樹林,NONE,NONE,,,金艷富邸10
745,七股區,金艷富邸15,大埕里,嬿銡建設有限公司,(113)南工造字第02132號,,台南市七股區大埕里,台南市七股區大埕里,NONE,NONE,,,金艷富邸15
868,七股區,鑫悅成家系列,義合75之9號旁,銘鑫開發建設有限公司 楊皓任,(114)南工造字第00621號,,台南市七股區義合75之9號旁,台南市七股區義合75之9號,NONE,NONE,,,鑫悅成家系列
825,下營區,儷城欣欣8,蚵寮街,儷城建築開發有限公司,(113)南工造字第02844號,,台南市下營區蚵寮街,台南市下營區蚵寮街,ADDRESS_POINT_BASE,ROAD_CENTROID_72,120.2567257588334,23.233736820206126,儷城欣欣8
326,下營區,金色風采15,忠孝街15號隔壁,騰林建設股份有限公司,(111)南工造字第01679號,,台南市下營區忠孝街15號隔壁,台南市下營區忠孝街15號,ADDRESS_POINT_BASE,ROAD_CENTROID_1010,120.32661292827855,23.09170367815223,金色風采15
398,下營區,風鈴沐,大和街,成翊建設有限公司代表人:潘志陽,(111)南工造字第00712號,,台南市下營區大和街,台南市下營區大和街,ADDRESS_POINT_BASE,ROAD_CENTROID_86,120.26339692426757,23.241283192351553,風鈴沐
729,下營區,馨園系列,紅甲里紅毛厝,六鑫建設有限公司,南工造字第00701號,,台南市下營區紅甲里紅毛厝,台南市下營區紅甲里紅毛厝,NONE,NONE,,,馨園系列
799,中西區,天鑽Live Vogue,民權路三段234巷,住盛廣告研展有限公司 負責人：邱天助,(113)南工造字地02639號,,台南市中西區民權路三段234巷,台南市中西區民權路3段234巷,ADDRESS_POINT_BASE,CLEANED_NEARBY_ROAD_民權路,120.30735032679002,23.174421069906323,天鑽livevogue
715,中西區,純在.海安,忠明街,龍炘建設有限公司 負責人:周伯清,(112)南工造字第01150號,,台南市中西區忠明街,台南市中西區忠明街,ADDRESS_POINT_BASE,ROAD_CENTROID_46,120.19614930672039,22.996354462663163,純在.海安
21,中西區,隱玉所5,湖美三街50號對面,優廣建設股份有限公司 代表人楊東憲,,,台南市中西區湖美三街50號對面,台南市中西區湖美三街50號,ADDRESS_POINT_BASE,ROAD_CENTROID_46,120.18261985328363,23.00014309148465,隱玉所5
914,仁德區,MoMA21,德南路209巷旁,豪棋建設開發有限公司,南工造字第01603-01609號,,台南市仁德區德南路209巷旁,台南市仁德區德南路209巷旁,ADDRESS_POINT_BASE,CLEANED_NEARBY_LANE_德南路_２０９巷,120.25667086425352,22.946396068342338,moma21
487,仁德區,九硯.寶硯,中洲西段175地號,九硯建設有限公司,(112)南工造字第01167號,,台南市仁德區中洲西段175地號,台南市仁德區中洲西段175地號,ADDRESS_POINT_BASE,LANDLOT_CENTROID_中洲西段_175,120.2500255207,22.909767311,九硯.寶硯
38,仁德區,加賀屋2期,太子段456地號,黃家彰,,,台南市仁德區太子段456地號,台南市仁德區太子段456地號,ADDRESS_POINT_BASE,LANDLOT_CENTROID_太子段_456,120.2571880678,22.9926308244,加賀屋2期
847,仁德區,吾寓二,後壁段1282地號,威登開發建設有限公司,(113)南工造字第02206號,,台南市仁德區後壁段1282地號,台南市仁德區後壁段1282地號,ADDRESS_POINT_BASE,LANDLOT_CENTROID_後壁段_1282,120.2532477337,22.948447391,吾寓二
315,仁德區,呈豐日日31,保生東路218巷,呈豐建築開發有限公司,(111)南工造字第01901號,,台南市仁德區保生東路218巷,台南市仁德區保生東路218巷,ADDRESS_POINT_BASE,CLEANED_NEARBY_LANE_保生東路_２１８巷,120.23201408334496,22.956546707026522,呈豐日日31
546,仁德區,墨飛白 2,中正路二段949巷29號,浤鼎建設有限公司 代表人張秀惠,南工造字第01189號,,台南市仁德區中正路二段949巷29號,台南市仁德區中正路2段949巷29號,ADDRESS_POINT_BASE,CLEANED_NEARBY_ROAD_中正路,120.30713460683569,23.117595424854823,墨飛白2
856,仁德區,春福睦森,公園段0139-0161地號,新春建設股份有限公司,(113)南工造字第01403號,,台南市仁德區公園段0139-0161地號,台南市仁德區公園段0139-0161地號,ADDRESS_POINT_BASE,LANDLOT_CENTROID_公園段_139-161,120.2240837493,22.9428430349,春福睦森
742,仁德區,東都樂學,二空路221號對面,理銘開發股份有限公司,(110)南工造字第04026號,,台南市仁德區二空路221號對面,台南市仁德區二空路221號,ADDRESS_POINT_BASE,ROAD_CENTROID_67,120.22332331524808,22.960831861968888,東都樂學
331,仁德區,歐香堡42(華廈NO.1),二行一路,昌威建築股份有限公司,(111)南工字第04295-01號,,台南市仁德區二行一路,台南市仁德區二行一路,ADDRESS_POINT_BASE,ROAD_CENTROID_212,120.2242699675889,22.917974661279565,歐香堡42(華廈no.1)
332,仁德區,歐香堡42(華廈NO.2),二行一路,昌威建築股份有限公司,(111)南工字第01899號,,台南市仁德區二行一路,台南市仁德區二行一路,ADDRESS_POINT_BASE,ROAD_CENTROID_212,120.2242699675889,22.917974661279565,歐香堡42(華廈no.2)
333,仁德區,歐香堡43(別墅NO.1),二行一路,昌威建築股份有限公司,(111)南工字第02336號,,台南市仁德區二行一路,台南市仁德區二行一路,ADDRESS_POINT_BASE,ROAD_CENTROID_212,120.2242699675889,22.917974661279565,歐香堡43(別墅no.1)
463,仁德區,歐香堡43(別墅NO.2),二行一路,昌威建築股份有限公司,(111)南工造字第03741號,,台南市仁德區二行一路,台南市仁德區二行一路,ADDRESS_POINT_BASE,ROAD_CENTROID_212,120.2242699675889,22.917974661279565,歐香堡43(別墅no.2)
926,佳里區,5福霖門8期—漸入佳境,佳南路61巷,賦川建設有限公司,(114)南工造字第2113號,,台南市佳里區佳南路61巷,台南市佳里區佳南路61巷,ADDRESS_POINT_BASE,CLEANED_NEARBY_LANE_佳南路_６１巷,120.18416002263757,23.15076846639123,5福霖門8期—漸入佳境
178,佳里區,佳定-臻成佳,佛天段,佳定建設有限公司代表人:莊詩吟,(110)南工造字第02674號,,台南市佳里區佛天段,台南市佳里區佛天段,ADDRESS_POINT_BASE,SECTION_CENTROID_佛天段,120.1659364328922,23.161873554234706,佳定-臻成佳
788,佳里區,公園伯爵N0.24,安南路旁,公園伯爵建設有限公司負責人王嘉德,(112)南工造字地00483號,,台南市佳里區安南路旁,台南市佳里區安南路旁,ADDRESS_POINT_BASE,CLEANED_NEARBY_ROAD_安南路,120.17528867427689,23.153277194423822,公園伯爵n0.24
790,佳里區,公園伯爵N0.25,安南路旁,公園伯爵建設有限公司負責人王嘉德,(112)南宮造字第00484,,台南市佳里區安南路旁,台南市佳里區安南路旁,ADDRESS_POINT_BASE,CLEANED_NEARBY_ROAD_安南路,120.17528867427689,23.153277194423822,公園伯爵n0.25
685,佳里區,墅說囍悅3,塭子內,盈囍建設開發有限公司,(112)南工造字第00594號,,台南市佳里區塭子內,台南市佳里區塭子內,NONE,NONE,,,墅說囍悅3
297,佳里區,太齊二畝田,鎮山街85巷20號旁,吳亞哲,(111)南工造字第00158號,,台南市佳里區鎮山街85巷20號旁,台南市佳里區鎮山街85巷20號,ADDRESS_POINT_BASE,CLEANED_NEARBY_ADDR_鎮山街,120.1835243805994,23.15007871978151,太齊二畝田
454,佳里區,太齊揚揚,番仔寮95號對面,太齊建設有限公司,(112)南工造字第00908號,,台南市佳里區番仔寮95號對面,台南市佳里區番仔寮95號,NONE,NONE,,,太齊揚揚
113,佳里區,幸福佳里,佳化段,全富建設有限公司,南工造字第03975號,,台南市佳里區佳化段,台南市佳里區佳化段,ADDRESS_POINT_BASE,SECTION_CENTROID_佳化段,120.19325525380202,23.18610829153868,幸福佳里
558,佳里區,御善佳居III,安西段330地號,萬善建設股份有限公司,(112)南工造字第01053號,,台南市佳里區安西段330地號,台南市佳里區安西段330地號,ADDRESS_POINT_BASE,LANDLOT_CENTROID_安西段_330,120.1696130217,23.1661825232,御善佳居iii
805,佳里區,昶瓏織己,和平街,昶瓏建設股份有限公司,(113)南工造字第01642號,,台南市佳里區和平街,台南市佳里區和平街,ADDRESS_POINT_BASE,ROAD_CENTROID_749,120.2958413437535,23.125526493788826,昶瓏織己
586,佳里區,臺邦La Vie,東寧里東寧74之號旁,臺邦開發建設股份有限公司,(112)南工造字第02757號,,台南市佳里區東寧里東寧74之號旁,台南市佳里區東寧里東寧74之號,NONE,NONE,,,臺邦lavie
705,佳里區,藏鑽十二期,海澄里番子寮6之22號旁,徠發建設有限公司,113南工造字第01704號,,台南市佳里區海澄里番子寮6之22號旁,台南市佳里區海澄里番子寮6之22號,NONE,NONE,,,藏鑽十二期
840,佳里區,誠銳築樂,佳東路581號六安堂旁,誠駿建設有限公司,(113)南工造字第02717號,,台南市佳里區佳東路581號六安堂旁,台南市佳里區佳東路581號,ADDRESS_POINT_BASE,ROAD_CENTROID_292,120.18262499081362,23.161432551368225,誠銳築樂
801,佳里區,誠銳藏紳,光復路127巷,誠銳建設有限公司,(113)南工造字第00965號,,台南市佳里區光復路127巷,台南市佳里區光復路127巷,ADDRESS_POINT_BASE,CLEANED_NEARBY_LANE_光復路_１２７巷,120.17416459145134,23.158198303180804,誠銳藏紳
258,佳里區,誠銳遠見2,光復路82號旁,誠銳建設有限公司劉惠榆,(111)南工造字第01220號,,台南市佳里區光復路82號旁,台南市佳里區光復路82號,ADDRESS_POINT_BASE,ROAD_CENTROID_603,120.22180460721935,23.15319295362583,誠銳遠見2
800,六甲區,九鈿富家,中社里中社62號西側,九鈿建設開發股份有限公司,(113)南工造字第03149,,台南市六甲區中社里中社62號西側,台南市六甲區中社里中社62號,NONE,NONE,,,九鈿富家
361,六甲區,?傳六甲園,七甲街75巷,元昱建設開發有限公司,南工造字第00529號,,台南市六甲區七甲街75巷,台南市六甲區七甲街75巷,ADDRESS_POINT_BASE,CLEANED_NEARBY_LANE_七甲街_７５巷,120.34601173579918,23.220713371309962,?傳六甲園
550,六甲區,双囍,龜子港段394-3地號,盛耀建設有限公司,(112)南工造字第02130-01號,,台南市六甲區龜子港段394-3地號,台南市六甲區龜子港段394-3地號,ADDRESS_POINT_BASE,LANDLOT_CENTROID_龜子港段_394-3,120.3115234637,23.2507056416,双囍
899,六甲區,吾映良品21,中社里中社459號旁,京杭建設有限公司,(114)南工造字第00512號,,台南市六甲區中社里中社459號旁,台南市六甲區中社里中社459號,NONE,NONE,,,吾映良品21
268,六甲區,清淞居2~Mr.田中,龜子港31巷,寶鋼建設有限公司代表人:林景祺,(111)南工造字第01550號,,台南市六甲區龜子港31巷,台南市六甲區龜子港31巷,NONE,NONE,,,清淞居2~mr.田中
906,六甲區,雅舍小品,成功段759-1~759-9地號,尚毅國際開發有限公司,(113)南工造字第01091號,,台南市六甲區成功段759-1~759-9地號,台南市六甲區成功段759-1~759-9地號,ADDRESS_POINT_BASE,LANDLOT_CENTROID_成功段_759-1,120.3477711877,23.2217277983,雅舍小品
14,北區,人文?城,文成路750巷,馳名建設開發有限公司,南工造字第02774-01號,,台南市北區文成路750巷,台南市北區文成路750巷,ADDRESS_POINT_BASE,CLEANED_NEARBY_LANE_文成路_７５０巷,120.19614476202544,23.013883353835947,人文?城
730,北區,森慕川,北園街121巷10弄,勝品建設股份有限公司,(112)南工造字第02364號,,台南市北區北園街121巷10弄,台南市北區北園街121巷10弄,ADDRESS_POINT_BASE,CLEANED_NEARBY_ROAD_北園街,120.22229970860748,23.012646846719825,森慕川
750,北區,欣府城-君子樓,和緯路二段與育德二街交叉口,臺億建築經理股份有限公司,(113)南工造字第00450-01號,,台南市北區和緯路二段與育德二街交叉口,台南市北區和緯路2段與育德二街交叉口,NONE,NONE,,,欣府城-君子樓
127,北區,琉.金,北華段1117-0000,永捷創新科技股份有限公司,(110)南工造字第03081-01號,,台南市北區北華段1117-0000,台南市北區北華段1117-0000,NONE,NONE,,,琉.金
763,北區,薈萃居10,文賢路1122巷,銓詠建設事業股份有限公司,(113)南工造字第02223號,,台南市北區文賢路1122巷,台南市北區文賢路1122巷,ADDRESS_POINT_BASE,CLEANED_NEARBY_LANE_文賢路_１１２２巷,120.19593025826448,23.01685155869462,薈萃居10
35,南區,品泓和砌二期,永成路二段827巷,品泓建設有限公司,南工造字第02579號,,台南市南區永成路二段827巷,台南市南區永成路2段827巷,ADDRESS_POINT_BASE,ROAD_LANE_CENTROID_永成路2段_８２７巷,120.19480061251856,22.95982526986659,品泓和砌二期
909,南區,天生贏家７- 是建築,中華西路一段70巷,景大興建設有限公司,(112)南工造字第00326號,,台南市南區中華西路一段70巷,台南市南區中華西路1段70巷,ADDRESS_POINT_BASE,ROAD_ONLY_CENTROID_中華西路1段,120.1847034724088,22.976975454319163,天生贏家７-是建築
754,南區,尊南一品,尊南街,金天元建設股份有限公司,(110)南工造字第01115-03,,台南市南區尊南街,台南市南區尊南街,ADDRESS_POINT_BASE,ROAD_CENTROID_108,120.18894497278592,22.979032765389274,尊南一品
930,南區,岩敘,德興路237巷,上岩建設有限公司,(113)南工造字第02264號,,台南市南區德興路237巷,台南市南區德興路237巷,ADDRESS_POINT_BASE,CLEANED_NEARBY_LANE_德興路_２３７巷,120.19354085828272,22.960025046686834,岩敘
536,南區,拾.玖藏,公英段864地號,高第建設股份有限公司,(111)南工造字第02620號,,台南市南區公英段864地號,台南市南區公英段864地號,ADDRESS_POINT_BASE,LANDLOT_CENTROID_公英段_864,120.2084560658,22.9807653721,拾.玖藏
929,南區,林語堂25,健康路一段113巷,尚立建設開發有限公司,(112)南工造字第02933號,,台南市南區健康路一段113巷,台南市南區健康路1段113巷,ADDRESS_POINT_BASE,CLEANED_NEARBY_ROAD_健康路,120.28969032771987,23.20333144679147,林語堂25
159,南區,福灣寬庭10,萬年三街,開鼎開發股份有限公司,,,台南市南區萬年三街,台南市南區萬年三街,ADDRESS_POINT_BASE,ROAD_CENTROID_64,120.18682782536936,22.933695902565294,福灣寬庭10
853,南區,福灣寬庭16,萬年路160巷,晏丞建設有限公司,(114)南工造字第00452號,,台南市南區萬年路160巷,台南市南區萬年路160巷,ADDRESS_POINT_BASE,CLEANED_NEARBY_LANE_萬年路_１６０巷,120.18603356245181,22.933845397448053,福灣寬庭16
747,南區,織筑藏樂6,中華南路,台利開發有限公司,(113)南工造字第01442-01號,,台南市南區中華南路,台南市南區中華南路,NONE,NONE,,,織筑藏樂6
664,南區,隱渝市,明興路1055巷17弄,宇洲建設有限公司,(113)南工造字第00818號,,台南市南區明興路1055巷17弄,台南市南區明興路1055巷17弄,ADDRESS_POINT_BASE,CLEANED_NEARBY_LANE_明興路_１０５５巷_１７弄,120.18398341378865,22.93123147831328,隱渝市
718,善化區,南科之心7,陽明新村,晏丞建設有限公司,(113)南工造字第01270號,,台南市善化區陽明新村,台南市善化區陽明新村,NONE,NONE,,,南科之心7
791,善化區,南科之心8,陽明新村,晏丞建設有限公司,(113)南工造字第02899-01號,,台南市善化區陽明新村,台南市善化區陽明新村,NONE,NONE,,,南科之心8
667,善化區,南科席揚,文正段766，785，094地號,宸揚建設開發有限公司,(112)南工造字第00927號,,台南市善化區文正段766，785，094地號,台南市善化區文正段766785094地號,ADDRESS_POINT_BASE,LANDLOT_CENTROID_文正段_766,120.2863313614,23.1351236867,南科席揚
828,善化區,吾寓三,東勢寮二小段,信耘建設有限公司,(113)南工造字第02325號,,台南市善化區東勢寮二小段,台南市善化區東勢寮二小段,NONE,NONE,,,吾寓三
880,善化區,和紘善美,光華路54巷,和紘建設股份有限公司,(112)南工造字第02559-01號,,台南市善化區光華路54巷,台南市善化區光華路54巷,ADDRESS_POINT_BASE,CLEANED_NEARBY_LANE_光華路_５４巷,120.30348645903025,23.134469760194623,和紘善美
939,善化區,富貴晨村Ⅱ,進學路68號旁,晨村建設有限公司,(113)南工造字第02743號,,台南市善化區進學路68號旁,台南市善化區進學路68號,ADDRESS_POINT_BASE,ROAD_CENTROID_355,120.23228631277227,23.150234720473037,富貴晨村ⅱ
432,善化區,居閑六S-HAUS 星寓所,東勢寮段二小段812地號,居賢建築開發有限公司,(111)南工造字第03506號,,台南市善化區東勢寮段二小段812地號,台南市善化區東勢寮段二小段812地號,ADDRESS_POINT_BASE,LANDLOT_CENTROID_東勢寮段二小段_812,120.3198808037,23.157844029,居閑六s-haus星寓所
450,善化區,市心CASA 2,善中段361地號,吉大成建設有限公司,(111)南工造字第01660號,,台南市善化區善中段361地號,台南市善化區善中段361地號,ADDRESS_POINT_BASE,LANDLOT_CENTROID_善中段_361,120.2945491151,23.1307813345,市心casa2
792,善化區,常慶天玥,文正路,常嘉地產股份有限公司,慶安段475地號,,台南市善化區文正路,台南市善化區文正路,ADDRESS_POINT_BASE,ROAD_CENTROID_96,120.28736706351465,23.134286010131405,常慶天玥
736,善化區,徠茵河,牛庄109號旁,吉立寶投資股份有限公司,(113)南工造字第01795號,,台南市善化區牛庄109號旁,台南市善化區牛庄109號,NONE,NONE,,,徠茵河
905,善化區,德和擇善,自強路,德一開發建設有限公司,,,台南市善化區自強路,台南市善化區自強路,ADDRESS_POINT_BASE,ROAD_CENTROID_1719,120.25503293416797,23.046651507001,德和擇善
752,善化區,承學LIGHT,北小新段,承學建築有限公司,(113)南工造字第00387號,,台南市善化區北小新段,台南市善化區北小新段,ADDRESS_POINT_BASE,SECTION_CENTROID_北小新段,120.31211098711667,23.12621883986979,承學light
633,善化區,書卷田,東勢寮,麥傑宇茱貝股份有限公司 法定代表人王裕成,(112)南工造字第01019號,,台南市善化區東勢寮,台南市善化區東勢寮,NONE,NONE,,,書卷田
223,善化區,朋緯不二3期,牛庄135之25號旁,朋緯建築開發有限公司 代表人:梁丰緯,(110)南工造字第04232號,,台南市善化區牛庄135之25號旁,台南市善化區牛庄135之25號,NONE,NONE,,,朋緯不二3期
12,善化區,湖畔寶石捷,牛庄,尚合力建設有限公司,(110)南工造字第2021-2065號,,台南市善化區牛庄,台南市善化區牛庄,NONE,NONE,,,湖畔寶石捷
816,善化區,琉白,南小新段273地號,巨京開發建設股份有限公司,(112)南工造字第01640號,,台南市善化區南小新段273地號,台南市善化區南小新段273地號,ADDRESS_POINT_BASE,LANDLOT_CENTROID_南小新段_273,120.3114815719,23.1232388075,琉白
771,善化區,福川吉賀,慶安段0446地號,福川銘建設股份有限公司 陳美智,(113)南工造字第00522號,,台南市善化區慶安段0446地號,台南市善化區慶安段0446地號,ADDRESS_POINT_BASE,LANDLOT_CENTROID_慶安段_446,120.2892189481,23.134143744,福川吉賀
759,善化區,緻.未來,北小新段,翰明建設有限公司,(113)南工造字第02356號,,台南市善化區北小新段,台南市善化區北小新段,ADDRESS_POINT_BASE,SECTION_CENTROID_北小新段,120.31211098711667,23.12621883986979,緻.未來
409,善化區,美麗?南科,東勢寮168號旁,銘峰開發建設有限公司,(111)南工造字第02097號,,台南市善化區東勢寮168號旁,台南市善化區東勢寮168號,NONE,NONE,,,美麗?南科
744,善化區,美麗綣公園,小新營,長寬建築股份有限公司,(113)南工造字第01038號,,台南市善化區小新營,台南市善化區小新營,NONE,NONE,,,美麗綣公園
430,善化區,茴香5 享家,什美段666.666-1地號,祐豊建設股份有限公司,南工造字第00661號,,台南市善化區什美段666.666-1地號,台南市善化區什美段666.666-1地號,ADDRESS_POINT_BASE,LANDLOT_CENTROID_什美段_666,120.2793258746,23.1460044778,茴香5享家
928,善化區,金福砌.天天開心6,東勢寮,緯翔建設有限公司,(114)南工造字第01315號,,台南市善化區東勢寮,台南市善化區東勢寮,NONE,NONE,,,金福砌.天天開心6
704,大內區,內山村,石城里石仔瀨26號旁,光庭建設有限公司 負責人:黃泓元,(112)南工造字第02565號,,台南市大內區石城里石仔瀨26號旁,台南市大內區石城里石仔瀨26號,NONE,NONE,,,內山村
542,大內區,萊茵河第2期,石子瀨125號對面,中業營造股份有限公司,(112)南工造字第00537-01號,,台南市大內區石子瀨125號對面,台南市大內區石子瀨125號,NONE,NONE,,,萊茵河第2期
555,學甲區,印象米蘭,麻學路三段465巷16號,泉富開發建設有限公司,(112)南工造字第02001,,台南市學甲區麻學路三段465巷16號,台南市學甲區麻學路3段465巷16號,NONE,NONE,,,印象米蘭
628,學甲區,拾光藝墅6,新榮街33巷,永禎建設有限公司 代表人：李義皇,(112)南工造字第02030號,,台南市學甲區新榮街33巷,台南市學甲區新榮街33巷,ADDRESS_POINT_BASE,CLEANED_NEARBY_LANE_新榮街_３３巷,120.18583655779504,23.225110960638123,拾光藝墅6
86,學甲區,松景園(第六期),草?段269地號等9筆,永浚建設股份有限公司,(110)南工造字第03470號,,台南市學甲區草?段269地號等9筆,台南市學甲區草?段269地號,NONE,NONE,,,松景園(第六期)
919,學甲區,見築想想Ⅱ,東陽段772，772-26~772-37,見築開發股份有限公司,,,台南市學甲區東陽段772，772-26~772-37,台南市學甲區東陽段772772-26~772-37,ADDRESS_POINT_BASE,LANDLOT_CENTROID_東陽段_772,120.1852694135,23.2301945738,見築想想ⅱ
290,學甲區,鑫苑3,育德路,家鉌建設有設限公司,南工造字第02435,,台南市學甲區育德路,台南市學甲區育德路,ADDRESS_POINT_BASE,ROAD_CENTROID_734,120.20315753228205,23.0287000817355,鑫苑3
874,學甲區,鑫苑7,東興街,家鉌建設有限公司,(114)南工造字第00828號,,台南市學甲區東興街,台南市學甲區東興街,ADDRESS_POINT_BASE,ROAD_CENTROID_33,120.18529668523253,23.224937196915953,鑫苑7
925,學甲區,鑫苑8,中山路,鑫家建設有限公司,(114)南工造字第01439,,台南市學甲區中山路,台南市學甲區中山路,ADDRESS_POINT_BASE,ROAD_CENTROID_3160,120.27486889840999,23.086108569792035,鑫苑8
77,安南區,九份樂活居NO.5,永續二十二街,長盈建設股份有限公司,(110)南工造字第00924號,,台南市安南區永續二十二街,台南市安南區永續二十二街,ADDRESS_POINT_BASE,ROAD_CENTROID_127,120.17794344815167,23.022558588020583,九份樂活居no.5
900,安南區,伍沐?城敘,城西街一段249巷113弄,伍沐建設有限公司,(112)南工造字第02949號,,台南市安南區城西街一段249巷113弄,台南市安南區城西街1段249巷113弄,ADDRESS_POINT_BASE,ROAD_LANE_ALLEY_CENTROID_城西街1段_２４９巷_１１３弄,120.12479314730457,23.058850790907815,伍沐?城敘
493,安南區,佳順?寓安,安和路四段163巷,佳順建設股份有限公司 負責人:衣冠英,(110)南工造字第04103號,,台南市安南區安和路四段163巷,台南市安南區安和路4段163巷,ADDRESS_POINT_BASE,INTERSECTION_MIDPOINT_安和路4段_安和路4段,120.21837053865714,23.058069900087432,佳順?寓安
855,安南區,信美心上,新宅五街,信美建設有限公司,(111)南工造字第03295號,,台南市安南區新宅五街,台南市安南區新宅五街,ADDRESS_POINT_BASE,ROAD_CENTROID_115,120.21150967250821,23.05532735265276,信美心上
761,安南區,傑作NO.3,慈興七街,傑傑建設有限公司,(113)南工造字第01180號,,台南市安南區慈興七街,台南市安南區慈興七街,ADDRESS_POINT_BASE,ROAD_CENTROID_87,120.1420371012966,23.07693231021147,傑作no.3
858,安南區,允成心上,新宅二街,允成開發建設有限公司,(113)南工造字第01473號,,台南市安南區新宅二街,台南市安南區新宅二街,ADDRESS_POINT_BASE,ROAD_CENTROID_18,120.21029785589604,23.054096571760603,允成心上
866,安南區,合恆 寓紳鄰-曙光,安中路四段211巷附近,僑馥建築經理股份有限公司,(113)南工造字第00222-01號,,台南市安南區安中路四段211巷附近,台南市安南區安中路4段211巷附近,NONE,NONE,,,合恆寓紳鄰-曙光
904,安南區,合恆   寓紳鄰-黎明,安中路四段211巷附近,合恆建設有限公司 負責人：王照林,(114)南工造字第00493-01號,,台南市安南區安中路四段211巷附近,台南市安南區安中路4段211巷附近,NONE,NONE,,,合恆寓紳鄰-黎明
839,安南區,國王湖,國安段1719號,上曜建設開發股份有限公司,,,台南市安南區國安段1719號,台南市安南區國安段1719號,ADDRESS_POINT_BASE,LANDLOT_CENTROID_國安段_1719,120.1824800856,23.0202847788,國王湖
52,安南區,天生贏家6,本原街一段75巷,景大興建設有限公司,南工造字第03380號,,台南市安南區本原街一段75巷,台南市安南區本原街1段75巷,ADDRESS_POINT_BASE,ROAD_LANE_CENTROID_本原街1段_７５巷,120.19996096553731,23.04969816704622,天生贏家6
261,安南區,天生贏家8,公學路二段275巷,景大興建設有限公司,,,台南市安南區公學路二段275巷,台南市安南區公學路2段275巷,ADDRESS_POINT_BASE,ROAD_LANE_CENTROID_公學路2段_２７５巷,120.19303422026852,23.067476103568683,天生贏家8
408,安南區,安中盛市,安中路二段766巷43號旁,席揚建設開發有限公司,111南工造字第02709號,,台南市安南區安中路二段766巷43號旁,台南市安南區安中路2段766巷43號,NONE,NONE,,,安中盛市
837,安南區,宜田宜居14,溪心段1272-2~1272-7,盛順建設開發有限公司,(113)南工造字第02659號,,台南市安南區溪心段1272-2~1272-7,台南市安南區溪心段1272-2~1272-7,ADDRESS_POINT_BASE,LANDLOT_CENTROID_溪心段_1272-2,120.1767270984,23.060796238,宜田宜居14
75,安南區,富裕人生No.18,安佃七街安佃五街交界,富璽開發建設股份有限公司 (負責人劉富榮),,,台南市安南區安佃七街安佃五街交界,台南市安南區安佃七街安佃五街交界,ADDRESS_POINT_BASE,CLEANED_NEARBY_ROAD_安佃七街,120.17418670295393,23.062467670275623,富裕人生no.18
266,安南區,小王子7,本田路3段,寶益晟開發建設有限公司,(111)南工造字第00866號,,台南市安南區本田路3段,台南市安南區本田路3段,ADDRESS_POINT_BASE,ROAD_CENTROID_162,120.16660090965185,23.046098564215896,小王子7
872,安南區,尚讚11,大安街,石承泰股份有限公司,(114)南工造字第00901號,,台南市安南區大安街,台南市安南區大安街,ADDRESS_POINT_BASE,ROAD_CENTROID_1633,120.2075209321826,23.029608734854197,尚讚11
873,安南區,居佳2,國聖段1340地號 等四筆,慶群開發股份有限公司,(113)南工造字第00814號,,台南市安南區國聖段1340地號 等四筆,台南市安南區國聖段1340地號,ADDRESS_POINT_BASE,LANDLOT_CENTROID_國聖段_1340,120.1322732364,23.0669305118,居佳2
913,安南區,幸福御守第6期,總安段1072地號,柏承建設有限公司 代表人:吳國順,(114)南工造字第00474號,,台南市安南區總安段1072地號,台南市安南區總安段1072地號,ADDRESS_POINT_BASE,LANDLOT_CENTROID_總安段_1072,120.2102684348,23.0558496963,幸福御守第6期
822,安南區,悅讀耶魯,九份子大道,金駿營造股份有限公司,(114)南工造字第00160號,,台南市安南區九份子大道,台南市安南區九份子大道,ADDRESS_POINT_BASE,ROAD_CENTROID_3,120.18251075312942,23.021156190537056,悅讀耶魯
877,安南區,新宅好好,新宅六街,裕豪開發建設有限公司,(113)南工造字第02652號,,台南市安南區新宅六街,台南市安南區新宅六街,ADDRESS_POINT_BASE,ROAD_CENTROID_12,120.21112617471302,23.05606525167167,新宅好好
749,安南區,有鹿,州南七街,翊展不動產開發有限公司,(112)南工造字第01501號,,台南市安南區州南七街,台南市安南區州南七街,ADDRESS_POINT_BASE,ROAD_CENTROID_76,120.21462561606036,23.058772631327003,有鹿
570,安南區,毅陽晶典13,安和路一段220巷22號對面,毅陽建設有限公司,(112)南工造字第00765號,,台南市安南區安和路一段220巷22號對面,台南市安南區安和路1段220巷22號,NONE,NONE,,,毅陽晶典13
393,安南區,海富?深見,國安段1768-2地號,海富建設股份有限公司 負責人:胡子連,,,台南市安南區國安段1768-2地號,台南市安南區國安段1768-2地號,ADDRESS_POINT_BASE,LANDLOT_CENTROID_國安段_1768-2,120.1813486187,23.0161291912,海富?深見
300,安南區,淳仰律-三期,國安段1621-2地號,陶喜建設有限公司,(111)南工造字第01112-02號,,台南市安南區國安段1621-2地號,台南市安南區國安段1621-2地號,ADDRESS_POINT_BASE,LANDLOT_CENTROID_國安段_1621-2,120.1853357937,23.0209709303,淳仰律-三期
299,安南區,淳仰律-二期,國安段1551-2地號,陶喜建設有限公司,(111)南工造字第01219號,,台南市安南區國安段1551-2地號,台南市安南區國安段1551-2地號,ADDRESS_POINT_BASE,LANDLOT_CENTROID_國安段_1551-2,120.1802645477,23.0248838667,淳仰律-二期
645,安南區,皇邑-淵南520-2,安中路四段329巷,皇邑開發建設實業有限公司,(113)南工造字地01117號,,台南市安南區安中路四段329巷,台南市安南區安中路4段329巷,ADDRESS_POINT_BASE,ROAD_LANE_CENTROID_安中路4段_３２９巷,120.16364788238329,23.050743464174747,皇邑-淵南520-2
165,安南區,知築粼川,海東一街,大敦建設開發有限公司,(110)南工造字第01816號,,台南市安南區海東一街,台南市安南區海東一街,ADDRESS_POINT_BASE,ROAD_CENTROID_63,120.18875292676562,23.030082390243322,知築粼川
883,安南區,硯青,州南路與州南五街口,璞硯開發有限公司,(114)南工造字第00476號,,台南市安南區州南路與州南五街口,台南市安南區州南路與州南五街口,ADDRESS_POINT_BASE,INTERSECTION_MIDPOINT_州南路_州南五街,120.21634895453764,23.056915639841836,硯青
356,安南區,翡翠森林-綠光區美地莊園,環館路358巷,威力國際開發股份有限公司(如附表),(111)南工造字第03415號,,台南市安南區環館路358巷,台南市安南區環館路358巷,ADDRESS_POINT_BASE,CLEANED_NEARBY_LANE_環館路_３５８巷,120.23676003299434,23.064303533725337,翡翠森林-綠光區美地莊園
406,安南區,薈萃居9,宜居三路與樂活二十六街口,銓詠建設事業股份有限公司,南工造字第03545號,,台南市安南區宜居三路與樂活二十六街口,台南市安南區宜居三路與樂活二十六街口,ADDRESS_POINT_BASE,INTERSECTION_MIDPOINT_宜居三路_樂活二十六街,120.18176655547742,23.023381240204486,薈萃居9
373,安南區,貝律侘美,安中路一段372巷,貝律建設股份有限公司負責人：黃建中,(110)南工造字第03323-01號,,台南市安南區安中路一段372巷,台南市安南區安中路1段372巷,ADDRESS_POINT_BASE,ROAD_LANE_CENTROID_安中路1段_３７２巷,120.20394474473302,23.03894894871164,貝律侘美
782,安南區,連建大賦,功安二街,連建建設股份有限公司 負責人:蔣紹裘,(113)南工造字第02617號,,台南市安南區功安二街,台南市安南區功安二街,ADDRESS_POINT_BASE,ROAD_CENTROID_80,120.18069056420131,23.04983386592615,連建大賦
6,安南區,連建拾禹,永續路與永續十六街口,連建建設股份有限公司,(110)南工造字第01268號,,台南市安南區永續路與永續十六街口,台南市安南區永續路與永續十六街口,ADDRESS_POINT_BASE,INTERSECTION_MIDPOINT_永續路_永續十六街,120.17823593270356,23.020802704768172,連建拾禹
440,安南區,邰欣地堡100期_透天,國安段1674地號,邰安開發建設有限公司,(111)南工造字第03943號,,台南市安南區國安段1674地號,台南市安南區國安段1674地號,ADDRESS_POINT_BASE,LANDLOT_CENTROID_國安段_1674,120.1859317945,23.0175542877,邰欣地堡100期_透天
829,安南區,金艷富邸16,安佃二街,嬿銡建設有限公司,(114)南工造字第00190號,,台南市安南區安佃二街,台南市安南區安佃二街,ADDRESS_POINT_BASE,ROAD_CENTROID_11,120.17379276227939,23.06213387140181,金艷富邸16
29,安南區,金莎麗緻11,學中段368地號,春瀚建設有限公司,(110)南工造字第02986號,,台南市安南區學中段368地號,台南市安南區學中段368地號,ADDRESS_POINT_BASE,LANDLOT_CENTROID_學中段_368,120.1370009144,23.0803330175,金莎麗緻11
898,安南區,鎮漢谷根千,安佃二街,鎮漢建設有限公司,(114)南工造字第01266號,,台南市安南區安佃二街,台南市安南區安佃二街,ADDRESS_POINT_BASE,ROAD_CENTROID_11,120.17379276227939,23.06213387140181,鎮漢谷根千
892,安定區,大京藏六期,海寮172之5號對面,珖揚建設有限公司(負責人:陳昭興),(114)南工造字第01451號,,台南市安定區海寮172之5號對面,台南市安定區海寮172之5號,NONE,NONE,,,大京藏六期
819,安定區,安慶時尚II,港子尾56之25旁,安慶建築開發股份有限公司,(110)南工造字第00615-02號,,台南市安定區港子尾56之25旁,台南市安定區港子尾56之25旁,NONE,NONE,,,安慶時尚ii
688,安定區,安藝墅,海寮167,統盈開發建設有限公司,(112)南工造字第03002號,,台南市安定區海寮167,台南市安定區海寮167,NONE,NONE,,,安藝墅
244,安定區,宜田頤恬,中榮段234地號,勝宜建設開發有限公司,(110)南工造字第02012-02號,,台南市安定區中榮段234地號,台南市安定區中榮段234地號,ADDRESS_POINT_BASE,LANDLOT_CENTROID_中榮段_234,120.2401664205,23.0939419875,宜田頤恬
891,安定區,展泓?敦旭,新吉里124-2號對面,展泓建設股份有限公司,(114)南工照字第00819號,,台南市安定區新吉里124-2號對面,台南市安定區新吉里124號,NONE,NONE,,,展泓?敦旭
706,安定區,日初莊園III-春曉,178市道近安吉路三段口,久云建設股份有限公司,南工造字第02060號,,台南市安定區178市道近安吉路三段口,台南市安定區178市道近安吉路3段口,NONE,NONE,,,日初莊園iii-春曉
679,安定區,管弦苑,管寮5-5號及管寮5-6號,德和開發建設有限公司,(112)南工造字第000443-01號,,台南市安定區管寮5-5號及管寮5-6號,台南市安定區管寮5號,NONE,NONE,,,管弦苑
561,安定區,萊茵河第三期,管寮102之1號旁,東南吉建設股份有限公司,(112)南工造字第01036-01,,台南市安定區管寮102之1號旁,台南市安定區管寮102之1號,NONE,NONE,,,萊茵河第三期
701,安定區,起家厝Ⅱ,海寮,庭穩開發建設有限公司 負責人：林敬庭,(112)南工造字第00519-01號,,台南市安定區海寮,台南市安定區海寮,NONE,NONE,,,起家厝ⅱ
13,安定區,邰欣地堡NO.91,光榮段144地號等2筆,邰晟開發建設有限公司負責人:曾鈺珊,(110)南工造字第02299號,,台南市安定區光榮段144地號等2筆,台南市安定區光榮段144地號,ADDRESS_POINT_BASE,LANDLOT_CENTROID_光榮段_144,120.2428717762,23.0983600261,邰欣地堡no.91
269,安定區,金色風采12,中榮段許中營25之3斜對面,騰林建設股份有限公司(負責人:張福瑞),(111)南工造字第00168號,,台南市安定區中榮段許中營25之3斜對面,台南市安定區中榮段許中營25之3斜對面,NONE,NONE,,,金色風采12
484,安定區,金艷富邸11,文科里,嬿銡建設有限公司 代表人鄭嬿雯,(112)南工造字第00522號,,台南市安定區文科里,台南市安定區文科里,NONE,NONE,,,金艷富邸11
717,安平區,向陽居,健康四街,東風開發建築有限公司,(111)南工造字第00575號,,台南市安平區健康四街,台南市安平區健康四街,ADDRESS_POINT_BASE,ROAD_CENTROID_71,120.16259438344065,22.9880404790213,向陽居
417,安平區,大隆風範 11,光州四街,寶隆建設股份有限公司,(111)南工造字第03897號,,台南市安平區光州四街,台南市安平區光州四街,ADDRESS_POINT_BASE,ROAD_CENTROID_53,120.16237791547914,22.988032401071436,大隆風範11
378,安平區,大隆風範 12,健康四街及光州三街,寶隆建設股份有限公司,(111)南工造字第03934號,,台南市安平區健康四街及光州三街,台南市安平區健康四街及光州三街,ADDRESS_POINT_BASE,INTERSECTION_MIDPOINT_健康四街_光州三街,120.16256034330115,22.987795612255695,大隆風範12
784,安平區,大隆風範 15,光州七街,寶隆建設股份有限公司,(113)南工造字第03009號,,台南市安平區光州七街,台南市安平區光州七街,ADDRESS_POINT_BASE,ROAD_CENTROID_83,120.16156063873244,22.992821773750663,大隆風範15
756,安平區,敦煌DAC?,健康二街423號,敦煌建設股份有限公司 代表人：林清華,南工造字第02231號,,台南市安平區健康二街423號,台南市安平區健康二街423號,ADDRESS_POINT_BASE,ROAD_CENTROID_235,120.17371227030401,22.992108768177452,敦煌dac?
216,安平區,臻藏詠潤,建平七街453巷76號對面金華段154-3地號,詠潤開發建設股份有限公司負責人:胡文正,(109)南工造字第00240-01,,台南市安平區建平七街453巷76號對面金華段154-3地號,台南市安平區建平七街453巷76號,ADDRESS_POINT_BASE,LANDLOT_CENTROID_金華段_154-3,120.175305585,22.9877524953,臻藏詠潤
457,安平區,華平旺第,健康二街與育平九街口,旺第建設有限公司法定代理人程麗絹,南工造字第03581,,台南市安平區健康二街與育平九街口,台南市安平區健康二街與育平九街口,ADDRESS_POINT_BASE,INTERSECTION_MIDPOINT_健康二街_育平九街,120.17110791766828,22.993705366586124,華平旺第
592,安平區,虹韻,怡平路140巷27弄與140巷交叉口,金日升建設股份有限公司  負責人:胡升瑞,(112)南工造字第02335號,,台南市安平區怡平路140巷27弄與140巷交叉口,台南市安平區怡平路140巷27弄與140巷交叉口,NONE,NONE,,,虹韻
818,官田區,官邸,南廍里120號旁,翰明建設有限公司,(113)南工造字第03367號,,台南市官田區南廍里120號旁,台南市官田區南廍里120號,NONE,NONE,,,官邸
936,將軍區,家薪10,仁和里仁巷23號對面,鈗萬建設有限公司 代表人：吳明學,(114)南工造字第01862號,,台南市將軍區仁和里仁巷23號對面,台南市將軍區仁和里仁巷23號,NONE,NONE,,,家薪10
917,將軍區,愛上將軍,昌平,新聯記建設有限公司,(114)南工造字第00563號,,台南市將軍區昌平,台南市將軍區昌平,NONE,NONE,,,愛上將軍
544,將軍區,遇見．方圓,昌平,?廷建設有限公司,,,台南市將軍區昌平,台南市將軍區昌平,NONE,NONE,,,遇見.方圓
588,左鎮區,好運黏黏,菜寮段449-5 449-72~449-81地號,柏谷建設股份有限公司,(112)南工造字號02802號,,台南市左鎮區菜寮段449-5 449-72~449-81地號,台南市左鎮區菜寮段449-5449-72~449-81地號,ADDRESS_POINT_BASE,LANDLOT_CENTROID_菜寮段_449-5,120.3932528842,23.059662204,好運黏黏
907,後壁區,?。拾光2期,長短樹里藥店口3號對面,伍邑建設開發有限公司,南工造字第03379號,,台南市後壁區長短樹里藥店口3號對面,台南市後壁區長短樹里藥店口3號,NONE,NONE,,,?。拾光2期
842,後壁區,碧荷園1期,後壁里199-66號,坤利建設股份有限公司,(113)南工造字02522號,,台南市後壁區後壁里199-66號,台南市後壁區後壁里199號,NONE,NONE,,,碧荷園1期
786,後壁區,福砌禾生活,南84鄉道,鴻滿堂建設有限公司,(113)南工造字第02354號,,台南市後壁區南84鄉道,台南市後壁區南84鄉道,NONE,NONE,,,福砌禾生活
267,新化區,協奏曲2,正新北路81巷43號斜對面,北揚建設股份有限公司,(111)南工造字第01087號,,台南市新化區正新北路81巷43號斜對面,台南市新化區正新北路81巷43號,ADDRESS_POINT_BASE,CLEANED_NEARBY_ADDR_正新北路,120.30426571686887,23.04137064887997,協奏曲2
680,新化區,怡華豹南科AI智能科技園區,新化段太子廟小段26-2等筆地號,怡華實業股份有限公司,(113)南工造字第00569號,,台南市新化區新化段太子廟小段26-2等筆地號,台南市新化區新化段太子廟小段26-2等筆地號,ADDRESS_POINT_BASE,LANDLOT_CENTROID_新化段太子廟小段_26-2,120.3243760298,23.0560729716,怡華豹南科ai智能科技園區
345,新市區,世界南科Ａ,富中街,海悅建設股份有限公司（負責人：黃希文）,(111)南工造字第02722號,,台南市新市區富中街,台南市新市區富中街,ADDRESS_POINT_BASE,ROAD_CENTROID_141,120.29159337043359,23.08209750208952,世界南科ａ
703,新市區,南科一號院V,大順六路221巷,富鴻建設有限公司 負責人：蘇于婷,(113)南工造字第00934號,,台南市新市區大順六路221巷,台南市新市區大順六路221巷,ADDRESS_POINT_BASE,CLEANED_NEARBY_LANE_大順六路_２２１巷,120.29055381479279,23.09418886123167,南科一號院v
436,新市區,參拾睦,大營段2789地號,品泓建設有限公司代表人閻淑惠,,,台南市新市區大營段2789地號,台南市新市區大營段2789地號,ADDRESS_POINT_BASE,LANDLOT_CENTROID_大營段_2789,120.3053713841,23.0897671245,參拾睦
775,新市區,囍事連連NO.18,港子墘段646地號,金虹建設有限公司,(112)南工造字第00004號,,台南市新市區港子墘段646地號,台南市新市區港子墘段646地號,NONE,NONE,,,囍事連連no.18
912,新市區,富築馨苑,大營段3495、3495-6號,僑馥建築經理股份有限公司,(113)南工造字第02721號,,台南市新市區大營段3495、3495-6號,台南市新市區大營段3495、3495號,ADDRESS_POINT_BASE,LANDLOT_CENTROID_大營段_3495,120.3064486495,23.0984829575,富築馨苑
870,新市區,煌聖．豐薈,富林路,煌聖建設股份有限公司,(114)南工造字第00501,,台南市新市區富林路,台南市新市區富林路,ADDRESS_POINT_BASE,ROAD_CENTROID_154,120.29039778697127,23.08020333769383,煌聖.豐薈
3,新市區,真祥家7,大洲段275-2地號等1筆土地,銘嵩建設有限公司 代表人：陳建男,(110)南工造字第01030-01號,,台南市新市區大洲段275-2地號等1筆土地,台南市新市區大洲段275-2地號,NONE,NONE,,,真祥家7
921,新市區,立龍富居,大社277-1號旁,立龍建設股份有限公司,(114)南工造字第00021號,,台南市新市區大社277-1號旁,台南市新市區大社277號,NONE,NONE,,,立龍富居
757,新市區,筑美麗5,永就里110號旁,統錸建設有限公司,(113)南工造字第00523號,,台南市新市區永就里110號旁,台南市新市區永就里110號,NONE,NONE,,,筑美麗5
897,新市區,綠天地,大營段3190-0000地號 等5筆,豐榮建設有限公司 負責人：歐陽慧雅,(113)南工造字第02974號,,台南市新市區大營段3190-0000地號 等5筆,台南市新市區大營段3190-0000地號,ADDRESS_POINT_BASE,LANDLOT_CENTROID_大營段_3190,120.3120103122,23.1012362727,綠天地
895,新市區,麓白,港子墘段1090-25地號,築鹿建設股份有限公司,(113)南工造字第03391號,,台南市新市區港子墘段1090-25地號,台南市新市區港子墘段1090-25地號,ADDRESS_POINT_BASE,LANDLOT_CENTROID_港子墘段_1090-25,120.3075505129,23.0784092995,麓白
708,新營區,佳展 · 大新,長榮路二段及長榮路二段43巷交叉口,佳展建設股份有限公司,(112)南工造字第02702號,,台南市新營區長榮路二段及長榮路二段43巷交叉口,台南市新營區長榮路2段及長榮路2段43巷交叉口,ADDRESS_POINT_BASE,INTERSECTION_MIDPOINT_長榮路2段_長榮路2段,120.25367020761607,23.07584524141395,佳展·大新
876,新營區,佳順 · 大悅,金華路一段及三興街交叉口,佳順建設股份有限公司,(113)南工造字第00792號,,台南市新營區金華路一段及三興街交叉口,台南市新營區金華路1段及三興街交叉口,ADDRESS_POINT_BASE,INTERSECTION_MIDPOINT_金華路1段_三興街,120.25221842014406,23.147836344800226,佳順·大悅
167,新營區,安居樂業,中華路,高新開發建設有限公司  負責人：楊政達,(109)南工造字第00208號,,台南市新營區中華路,台南市新營區中華路,ADDRESS_POINT_BASE,ROAD_CENTROID_2794,120.27078632737638,23.059592208925295,安居樂業
246,新營區,新東皇邸23期,富強街5巷156號對面,通達建設開發有限公司,(111)南工造字第00232號,,台南市新營區富強街5巷156號對面,台南市新營區富強街5巷156號,ADDRESS_POINT_BASE,CLEANED_NEARBY_ADDR_富強街,120.30409483884245,23.30171028842073,新東皇邸23期
884,新營區,新東皇邸27期,民族路43號對面,通達建設開發有限公司,(114)南工造字地01335號,,台南市新營區民族路43號對面,台南市新營區民族路43號,ADDRESS_POINT_BASE,ROAD_CENTROID_1728,120.30873797129536,23.126460050736664,新東皇邸27期
391,新營區,春禹雍閣,三興街275巷,春禹建設有限公司,(111)南工造字第03707號,,台南市新營區三興街275巷,台南市新營區三興街275巷,ADDRESS_POINT_BASE,CLEANED_NEARBY_LANE_三興街_２７５巷,120.30755739721319,23.31800286736745,春禹雍閣
890,新營區,春禹青沐,新民段28地號,春禹建設有限公司,(112)南工造字第00934號,,台南市新營區新民段28地號,台南市新營區新民段28地號,ADDRESS_POINT_BASE,LANDLOT_CENTROID_新民段_28,120.3078040682,23.3055321253,春禹青沐
622,新營區,朋緯不二5,嘉芳街25巷,朋緯建築開發有限公司,(112)南工造字第00976號,,台南市新營區嘉芳街25巷,台南市新營區嘉芳街25巷,ADDRESS_POINT_BASE,CLEANED_NEARBY_LANE_嘉芳街_２５巷,120.28657884764698,23.307712565488682,朋緯不二5
521,新營區,森美學系列21,綠川段,祝好建設有限公司(負責人：吳章修),111南工造字第03323號,,台南市新營區綠川段,台南市新營區綠川段,ADDRESS_POINT_BASE,SECTION_CENTROID_綠川段,120.31866581141375,23.309760528074182,森美學系列21
456,新營區,白居逸,東勇街,松暉建設股份有限公司,(111)南工造字第03805號,,台南市新營區東勇街,台南市新營區東勇街,ADDRESS_POINT_BASE,ROAD_CENTROID_33,120.32956810040652,23.317860594189295,白居逸
44,新營區,蔚城,同濟街,東榮鑫國際實業有限公司,(110)南工造字第02770號,,台南市新營區同濟街,台南市新營區同濟街,ADDRESS_POINT_BASE,ROAD_CENTROID_118,120.32035988425868,23.308611515589806,蔚城
920,新營區,賀守宅No.7,民族路27號旁空地,百度建設有限公司,(114)南工造字第00023號,,台南市新營區民族路27號旁空地,台南市新營區民族路27號,ADDRESS_POINT_BASE,ROAD_CENTROID_1728,120.30873797129536,23.126460050736664,賀守宅no.7
737,新營區,閱讀新太盟‧皆大歡喜NO.53,三興街205巷47弄,新太盟建設股份有限公司 董事長詹雅喨,(113)南工造字第00901號,,台南市新營區三興街205巷47弄,台南市新營區三興街205巷47弄,ADDRESS_POINT_BASE,CLEANED_NEARBY_LANE_三興街_２０５巷_４７弄,120.30723447113678,23.316977361870364,閱讀新太盟.皆大歡喜no.53
69,新營區,隋唐金華3．皆大歡喜NO.49,復興路420巷,新太盟建設股份有限公司  負責人詹雅喨,(110)南工造字第03782號,,台南市新營區復興路420巷,台南市新營區復興路420巷,ADDRESS_POINT_BASE,CLEANED_NEARBY_LANE_復興路_４２０巷,120.30083942864826,23.3062151483331,隋唐金華3.皆大歡喜no.49
439,新營區,非凡原墅30期,南紙街,亞普建設有限公司,(111)南工造字第03829號,,台南市新營區南紙街,台南市新營區南紙街,ADDRESS_POINT_BASE,ROAD_CENTROID_452,120.29463389484864,23.298504784067,非凡原墅30期
48,東區,【MoMA15】,德高段1450-10地號,豪棋建設開發有限公司,(109)南工造字第04431-01號,,台南市東區德高段1450-10地號,台南市東區德高段1450-10地號,ADDRESS_POINT_BASE,LANDLOT_CENTROID_德高段_1450-10,120.2273303746,22.9602163847,【moma15】
208,東區,仁和琢白2,仁和段,宗弦建設有限公司,(110)南工造字第03526號,,台南市東區仁和段,台南市東區仁和段,ADDRESS_POINT_BASE,SECTION_CENTROID_仁和段,120.2350889491786,22.972223942109075,仁和琢白2
4,東區,富貴龍門,崇德三十街8號旁,金振發建設股份有限公司,(109)南工造字第04304號,,台南市東區崇德三十街8號旁,台南市東區崇德三十街8號,ADDRESS_POINT_BASE,ROAD_CENTROID_77,120.22885149998268,22.960954651496756,富貴龍門
838,東區,日東昇大於,仁和路130號,日東昇建設興業有限公司,(110)南工造字第03031-02號,,台南市東區仁和路130號,台南市東區仁和路130號,ADDRESS_POINT_BASE,ROAD_CENTROID_1059,120.2346697898713,22.970776145099627,日東昇大於
192,東區,祥閤10,裕德二街16號旁,文漢建設有限公司,(110)南工造字第04332號,,台南市東區裕德二街16號旁,台南市東區裕德二街16號,ADDRESS_POINT_BASE,ROAD_CENTROID_12,120.24884706781103,22.986393261226254,祥閤10
911,東區,藏玉,虎尾段1671地號等14筆,六逸建設有限公司,(114)南工造字第00412號,,台南市東區虎尾段1671地號等14筆,台南市東區虎尾段1671地號,ADDRESS_POINT_BASE,LANDLOT_CENTROID_虎尾段_1671,120.2351119538,22.977914259,藏玉
72,東區,邰欣地堡70期,自由段52地號等2筆,邰欣地堡建設有限公司,(109)南工造字第00262-01號,,台南市東區自由段52地號等2筆,台南市東區自由段52地號,ADDRESS_POINT_BASE,LANDLOT_CENTROID_自由段_52,120.2368977146,22.9659133907,邰欣地堡70期
751,東山區,保宥風華,頂窩,保宥建設有限公司,(113)南工造字第01241號,,台南市東山區頂窩,台南市東山區頂窩,NONE,NONE,,,保宥風華
288,東山區,墅時光二期,龍鳳三街,根源建設有限公司,(111)南工造字第00473號,,台南市東山區龍鳳三街,台南市東山區龍鳳三街,NONE,NONE,,,墅時光二期
807,東山區,春禹山行旅,龍鳳二街,春昱建設有限公司,(114)南工造字第00067號,,台南市東山區龍鳳二街,台南市東山區龍鳳二街,NONE,NONE,,,春禹山行旅
719,柳營區,十美風彩2,十美街,智誠建設有限公司,南工造字第00901-01號,,台南市柳營區十美街,台南市柳營區十美街,ADDRESS_POINT_BASE,ROAD_CENTROID_441,120.31833850174641,23.280829185364446,十美風彩2
420,柳營區,愛上巴洛克2.皆大歡喜NO.51,十美街,泰廣建設有限公司  負責人范朝棟,(111)南工造字第02651-01號,,台南市柳營區十美街,台南市柳營區十美街,ADDRESS_POINT_BASE,ROAD_CENTROID_441,120.31833850174641,23.280829185364446,愛上巴洛克2.皆大歡喜no.51
458,柳營區,愛上巴洛克3．皆大歡喜NO.52,十美街,新太盟建設股份有限公司  負責人詹雅喨,(111)南工造字第01629號,,台南市柳營區十美街,台南市柳營區十美街,ADDRESS_POINT_BASE,ROAD_CENTROID_441,120.31833850174641,23.280829185364446,愛上巴洛克3.皆大歡喜no.52
697,柳營區,柳營太康富居,太康,方信富,(113)南工造字第01373號,,台南市柳營區太康,台南市柳營區太康,NONE,NONE,,,柳營太康富居
748,柳營區,森美學22,柳南段,祝好建設有限公司(負責人：吳章修),(113)南工造字第02062號,,台南市柳營區柳南段,台南市柳營區柳南段,ADDRESS_POINT_BASE,SECTION_CENTROID_柳南段,120.31202274638649,23.27535303770938,森美學22
910,柳營區,菁英匯,篤農段968-13等地號,集品建設股份有限公司,(114)南工造字地01033號,,台南市柳營區篤農段968-13等地號,台南市柳營區篤農段968-13等地號,ADDRESS_POINT_BASE,LANDLOT_CENTROID_篤農段_968-13,120.3685673671,23.2875140059,菁英匯
635,楠西區,山水匯第二期,民族路,築秀建設股份有限公司,(112)南工造字第02723號,,台南市楠西區民族路,台南市楠西區民族路,ADDRESS_POINT_BASE,ROAD_CENTROID_1728,120.30873797129536,23.126460050736664,山水匯第二期
886,楠西區,楠西帝寶,埔尾段769，769-12至32地號,龍毅建設股份有限公司,南工造字第01128號,,台南市楠西區埔尾段769，769-12至32地號,台南市楠西區埔尾段769769-12至32地號,ADDRESS_POINT_BASE,LANDLOT_CENTROID_埔尾段_769,120.4835328031,23.17527522,楠西帝寶
765,楠西區,樂陶5期,中正路,和庭建設有限公司,(113)南工造字第02545號,,台南市楠西區中正路,台南市楠西區中正路,ADDRESS_POINT_BASE,ROAD_CENTROID_5032,120.30713460683569,23.117595424854823,樂陶5期
655,楠西區,陽光米蘭九-藏富,水庫路326號旁,守創建設股份有限公司,(113)南工造字地00321號,,台南市楠西區水庫路326號旁,台南市楠西區水庫路326號,ADDRESS_POINT_BASE,ROAD_CENTROID_193,120.4892437470505,23.17761394997006,陽光米蘭九-藏富
735,歸仁區,好御兆9,六甲二街,鼎大建設有限公司,(113)南工造字第00843-01號,,台南市歸仁區六甲二街,台南市歸仁區六甲二街,ADDRESS_POINT_BASE,ROAD_CENTROID_48,120.27714912920409,22.953327796787153,好御兆9
833,歸仁區,崇品虹瓦集光,大成路,崇品建設開發有限公司,(111)南工造字第03560號,,台南市歸仁區大成路,台南市歸仁區大成路,ADDRESS_POINT_BASE,ROAD_CENTROID_639,120.33879285350554,23.0657300330434,崇品虹瓦集光
184,歸仁區,得意人生第十三期,仁愛南街,玄洲建設開發股份有限公司,南工造字第00398號,,台南市歸仁區仁愛南街,台南市歸仁區仁愛南街,ADDRESS_POINT_BASE,ROAD_CENTROID_317,120.30057017618819,22.96289534307067,得意人生第十三期
722,歸仁區,漁上游8·歸心市見,成功一街,弈富建設股份有限公司,(113) 南工造字第00449-01號,,台南市歸仁區成功一街,台南市歸仁區成功一街,ADDRESS_POINT_BASE,ROAD_CENTROID_529,120.23589583407633,22.96020530148926,漁上游8·歸心市見
161,歸仁區,金色風采13,丁厝街35巷36-1號旁,騰林建設股份有限公司代表人:張福瑞,(110)南工造字第04016號,,台南市歸仁區丁厝街35巷36-1號旁,台南市歸仁區丁厝街35巷36號,ADDRESS_POINT_BASE,CLEANED_NEARBY_ADDR_丁厝街,120.27744839134083,22.976795922997844,金色風采13
637,永康區,上上富自強,永康區自強路379巷自強段256-1~256-8地號,上上建築事業有限公司,(110)南工造字第04089號,,台南市永康區永康區自強路379巷自強段256-1~256-8地號,台南市永康區永康區自強路379巷自強段256-1~256-8地號,ADDRESS_POINT_BASE,LANDLOT_CENTROID_自強段_256-1,120.254525306,23.0304464084,上上富自強
865,永康區,上邑22期,烏竹街與烏竹北街62巷交叉口,北揚開發股份有限公司,(113)南工造字第02701號,,台南市永康區烏竹街與烏竹北街62巷交叉口,台南市永康區烏竹街與烏竹北街62巷交叉口,ADDRESS_POINT_BASE,INTERSECTION_MIDPOINT_烏竹街_烏竹北街,120.26351287357272,23.044895186539293,上邑22期
864,永康區,上邑23期,烏竹北街70號旁,北揚開發股份有限公司,(113)南工造字第02549號,,台南市永康區烏竹北街70號旁,台南市永康區烏竹北街70號,ADDRESS_POINT_BASE,ROAD_CENTROID_96,120.26377588981671,23.04558580377211,上邑23期
844,永康區,優學9期,龍潭街144巷,北揚開發股份有限公司,南工造字第02536-01號,,台南市永康區龍潭街144巷,台南市永康區龍潭街144巷,ADDRESS_POINT_BASE,CLEANED_NEARBY_LANE_龍潭街_１４４巷,120.26738891824753,23.03254537875748,優學9期
774,永康區,創築,?埕段,翰唐建設有限公司   法定代表人:黎偉良,(113)南工造字第02171號,,台南市永康區?埕段,台南市永康區?埕段,NONE,NONE,,,創築
830,永康區,勝美A Park,永運一路與平道十二路交叉口,勝美建設股份有限公司 負責人:曾周信 等如附表,(111)南工造字第04406號,,台南市永康區永運一路與平道十二路交叉口,台南市永康區永運一路與平道十二路交叉口,NONE,NONE,,,勝美apark
723,永康區,呈豐日日38,三村一街138巷22號對面,呈豐建築開發有限公司,(112)南工造字第02878號,,台南市永康區三村一街138巷22號對面,台南市永康區三村一街138巷22號,ADDRESS_POINT_BASE,CLEANED_NEARBY_ADDR_三村一街,120.23994780425447,23.043330204399904,呈豐日日38
820,永康區,呈豐日日39,仁愛街,呈豐建築開發有限公司,(110)南工造字第03207-01號,,台南市永康區仁愛街,台南市永康區仁愛街,ADDRESS_POINT_BASE,ROAD_CENTROID_972,120.31329970152439,23.103117789083175,呈豐日日39
927,永康區,品陽永康院,北灣段0590號等7筆,臺億建築經理股份有限公司,(114)南工造字第00084-01號,,台南市永康區北灣段0590號等7筆,台南市永康區北灣段0590號,ADDRESS_POINT_BASE,LANDLOT_CENTROID_北灣段_590,120.2676940659,23.0113310898,品陽永康院
938,永康區,埕光序曲,永榮路,茂騰建築開發有限公司,(114)南工造字第00600號,,台南市永康區永榮路,台南市永康區永榮路,ADDRESS_POINT_BASE,ROAD_CENTROID_22,120.25911215338473,23.014559321731248,埕光序曲
878,永康區,夏朵8,信義二街,舜展建設有限公司 負責人：林順展,(114)南工造字第00869號,,台南市永康區信義二街,台南市永康區信義二街,ADDRESS_POINT_BASE,ROAD_CENTROID_127,120.22120130458356,23.111379476942588,夏朵8
647,永康區,安新家2,大灣三街,昱華建設股份有限公司,(112)南工造字第02481號,,台南市永康區大灣三街,台南市永康區大灣三街,ADDRESS_POINT_BASE,ROAD_CENTROID_270,120.26666688384353,23.00419472590805,安新家2
210,永康區,巨富上院,西灣段443地號,巨富開發建築有限公司代表人：董勁樟,(110)南工造字第03166號,,台南市永康區西灣段443地號,台南市永康區西灣段443地號,ADDRESS_POINT_BASE,LANDLOT_CENTROID_西灣段_443,120.2641391334,23.0064073459,巨富上院
139,永康區,幾何Ⅵ,大灣三街21巷38號對面,百崴開發股份有限公司,(110)南工造字第00693號,,台南市永康區大灣三街21巷38號對面,台南市永康區大灣三街21巷38號,ADDRESS_POINT_BASE,CLEANED_NEARBY_ADDR_大灣三街,120.26834479111486,23.003279299900466,幾何ⅵ
879,永康區,建築家INFINITE,鹽東段,建築人建設股份有限公司,(114)南工造字第01176號,,台南市永康區鹽東段,台南市永康區鹽東段,ADDRESS_POINT_BASE,SECTION_CENTROID_鹽東段,120.24479275731107,23.03901848829935,建築家infinite
22,永康區,承安永平3,洲尾街74巷,承安建設有限公司,109南工造字第03299,,台南市永康區洲尾街74巷,台南市永康區洲尾街74巷,ADDRESS_POINT_BASE,CLEANED_NEARBY_LANE_洲尾街_７４巷,120.22873898453003,23.040787363844498,承安永平3
23,永康區,承安永平5,洲尾街,承安建設有限公司,109南工造字第3102號,,台南市永康區洲尾街,台南市永康區洲尾街,ADDRESS_POINT_BASE,ROAD_CENTROID_431,120.22931895060289,23.04121974423669,承安永平5
24,永康區,承安永平6,大安街,承安建設有限公司,109南工造字第3694號,,台南市永康區大安街,台南市永康區大安街,ADDRESS_POINT_BASE,ROAD_CENTROID_1633,120.2075209321826,23.029608734854197,承安永平6
157,永康區,日晟上河堤5,龍橋街270巷,致晟建設興業有限公司-蔡金一,(110)南工造字第00234號,,台南市永康區龍橋街270巷,台南市永康區龍橋街270巷,ADDRESS_POINT_BASE,CLEANED_NEARBY_LANE_龍橋街_２７０巷,120.26467834515482,23.039761848636722,日晟上河堤5
796,永康區,春福平蒔舒活區,永興段183-1地號,大騰開發股份有限公司,(111)南工造字第03178號,,台南市永康區永興段183-1地號,台南市永康區永興段183-1地號,ADDRESS_POINT_BASE,LANDLOT_CENTROID_永興段_183-1,120.246128434,22.9996896239,春福平蒔舒活區
272,永康區,晴天2,東邊寮段170地號,家溍建設有限公司,(111)南工造字第00850號,,台南市永康區東邊寮段170地號,台南市永康區東邊寮段170地號,ADDRESS_POINT_BASE,LANDLOT_CENTROID_東邊寮段_170,120.264951735,23.0570499018,晴天2
764,永康區,欣之苑,龍中街,太穩建設有限公司,(112)南工造字第00476-01號,,台南市永康區龍中街,台南市永康區龍中街,ADDRESS_POINT_BASE,ROAD_CENTROID_534,120.26169190799968,23.037432927988302,欣之苑
933,永康區,欣澄佳6,新興街34巷,欣佳實業有限公司,(114)南工造字第00857號,,台南市永康區新興街34巷,台南市永康區新興街34巷,ADDRESS_POINT_BASE,CLEANED_NEARBY_LANE_新興街_３４巷,120.22998493778742,23.010924221772836,欣澄佳6
556,永康區,泰美NO.3,永春街,璽泰建設有限公司,(112)南工造字第01668號,,台南市永康區永春街,台南市永康區永春街,ADDRESS_POINT_BASE,ROAD_CENTROID_296,120.24894478057561,23.01128380370634,泰美no.3
924,永康區,瑞築序,平道段239地號,瑞築建設股份有限公司,(112)南工造字第01218號,,台南市永康區平道段239地號,台南市永康區平道段239地號,ADDRESS_POINT_BASE,LANDLOT_CENTROID_平道段_239,120.251257354,23.0459247039,瑞築序
143,永康區,璽泰.泰美2,龍安街39巷,璽泰建設有限公司,(110)南工造字第03048號,,台南市永康區龍安街39巷,台南市永康區龍安街39巷,ADDRESS_POINT_BASE,CLEANED_NEARBY_LANE_龍安街_３９巷,120.26360905768189,23.03313910535864,璽泰.泰美2
632,永康區,皇龍六璽,復國一路168號旁,皇龍開發股份有限公司,(112)南工造字第02746號,,台南市永康區復國一路168號旁,台南市永康區復國一路168號,ADDRESS_POINT_BASE,ROAD_CENTROID_1400,120.24596847709216,23.008007310608605,皇龍六璽
834,永康區,立信墨韻,埔園街,立信建設股份有限公司,(112)南工造字第02200-01號,,台南市永康區埔園街,台南市永康區埔園街,ADDRESS_POINT_BASE,ROAD_CENTROID_245,120.25503359377788,23.033457165483217,立信墨韻
835,永康區,立信墨香,埔園街,立信建設股份有限公司,(112)南工造字第02174-01號,,台南市永康區埔園街,台南市永康區埔園街,ADDRESS_POINT_BASE,ROAD_CENTROID_245,120.25503359377788,23.033457165483217,立信墨香
851,永康區,綠格知寓,東灣段1004地號,綠格建設有限公司,(113)南工造字第03139號,,台南市永康區東灣段1004地號,台南市永康區東灣段1004地號,ADDRESS_POINT_BASE,LANDLOT_CENTROID_東灣段_1004,120.2694612528,23.0072333338,綠格知寓
931,永康區,銘富晴硯,成功路188巷,銘富建設事業股份有限公司,(114)南工造字第01444號,,台南市永康區成功路188巷,台南市永康區成功路188巷,ADDRESS_POINT_BASE,CLEANED_NEARBY_LANE_成功路_１８８巷,120.23388544527849,23.01090924644223,銘富晴硯
769,永康區,青石居5,龍潭街,台利開發有限公司,(113)南工造字第02712-01號,,台南市永康區龍潭街,台南市永康區龍潭街,ADDRESS_POINT_BASE,ROAD_CENTROID_438,120.2666860768082,23.03290689945907,青石居5
902,永康區,青石居6,龍潭街,富崇建設有限公司,(114)南工造字第01393號,,台南市永康區龍潭街,台南市永康區龍潭街,ADDRESS_POINT_BASE,ROAD_CENTROID_438,120.2666860768082,23.03290689945907,青石居6
779,永康區,高第璞璞5,文化段317等6筆地號,高第建設股份有限公司,(113)南工造字第02552號,,台南市永康區文化段317等6筆地號,台南市永康區文化段317等6筆地號,ADDRESS_POINT_BASE,LANDLOT_CENTROID_文化段_317,120.2524875531,23.0169115638,高第璞璞5
935,永康區,鹿柴仁居,仁愛街138巷,鹿柴投資開發事業有限公司,(114)南工造字第01493號,,台南市永康區仁愛街138巷,台南市永康區仁愛街138巷,ADDRESS_POINT_BASE,CLEANED_NEARBY_LANE_仁愛街_１３８巷,120.24130487888362,23.046604164377854,鹿柴仁居
520,玉井區,樂陶3期,民生路,和庭建設有限公司,(111)南工造字第01168號,,台南市玉井區民生路,台南市玉井區民生路,ADDRESS_POINT_BASE,ROAD_CENTROID_1513,120.32016578365693,23.191713665868985,樂陶3期
916,白河區,愛上白河3,杭內樣仔林產業道路,瓏曜開發有限公司,(113)南工造字第01591號,,台南市白河區杭內樣仔林產業道路,台南市白河區杭內樣仔林產業道路,NONE,NONE,,,愛上白河3
915,白河區,愛上白河5,新興路,瓏曜開發有限公司,(113)南工造字第02535號,,台南市白河區新興路,台南市白河區新興路,ADDRESS_POINT_BASE,ROAD_CENTROID_1393,120.21727910554166,23.024268854686284,愛上白河5
922,白河區,愛上白河7,新生路,新聯記建設有限公司,(114)南工造字第01453號,,台南市白河區新生路,台南市白河區新生路,ADDRESS_POINT_BASE,ROAD_CENTROID_551,120.18041376323703,23.16823402003342,愛上白河7
650,白河區,花見墅,裕農路167巷,鼎極開發有限公司,(112)南工造字第02531號,,台南市白河區裕農路167巷,台南市白河區裕農路167巷,ADDRESS_POINT_BASE,CLEANED_NEARBY_LANE_裕農路_１６７巷,120.42112017069196,23.35453106583821,花見墅
234,西港區,5福霖門3期--傳澄,大塭寮,賦川建設有限公司,(111)南工造字第01141號,,台南市西港區大塭寮,台南市西港區大塭寮,NONE,NONE,,,5福霖門3期--傳澄
340,西港區,5福霖門5期--三宅滬,劉厝里,賦川建設有限公司,(111)南工造字第01962號,,台南市西港區劉厝里,台南市西港區劉厝里,NONE,NONE,,,5福霖門5期--三宅滬
414,西港區,双贏,?營段28地號,東宸開發有限公司代表人:許東豪,(112)南工造字第00442-1號,,台南市西港區?營段28地號,台南市西港區?營段28地號,NONE,NONE,,,双贏
860,西港區,夏木漱石NO.10,?營段507等32筆地號,益阜建設有限公司,(114)南工造字地00570號,,台南市西港區?營段507等32筆地號,台南市西港區?營段507等32筆地號,NONE,NONE,,,夏木漱石no.10
104,西港區,立吉利建設故鄉第7期,中山路,立吉利建設有限公司,(110)南工造字第02740號,,台南市西港區中山路,台南市西港區中山路,ADDRESS_POINT_BASE,ROAD_CENTROID_3160,120.27486889840999,23.086108569792035,立吉利建設故鄉第7期
442,西港區,築夢家園11.12,文化路,迦賀建設有限公司,(111)南工造字第00676號,,台南市西港區文化路,台南市西港區文化路,ADDRESS_POINT_BASE,ROAD_CENTROID_992,120.20347032800717,23.110595659986924,築夢家園11.12
893,西港區,閑築居8,中山路102號旁,四方建築經理股份有限公司,(113)南工造字第02310號,,台南市西港區中山路102號旁,台南市西港區中山路102號,ADDRESS_POINT_BASE,ROAD_CENTROID_3160,120.27486889840999,23.086108569792035,閑築居8
826,關廟區,喜硯5,保東路269號對面,棋銘開發建設有限公司 負責人:劉力彰,(113)南工造字第02263號,,台南市關廟區保東路269號對面,台南市關廟區保東路269號,ADDRESS_POINT_BASE,ROAD_CENTROID_424,120.30478936771097,22.997022943648005,喜硯5
89,關廟區,天陽大富三期,民生段1262-0052地號等,天詠開發股份有限公司,(110)南工造字第01122號,,台南市關廟區民生段1262-0052地號等,台南市關廟區民生段1262-0052地號,ADDRESS_POINT_BASE,LANDLOT_CENTROID_民生段_1262-52,120.3268749585,22.9553281679,天陽大富三期
832,關廟區,好意園29,忠孝段0057-0000地號,安佃建設有限公司,(113)南工造字第01805號,,台南市關廟區忠孝段0057-0000地號,台南市關廟區忠孝段0057-0000地號,ADDRESS_POINT_BASE,LANDLOT_CENTROID_忠孝段_57,120.3307028,22.9686349924,好意園29
753,關廟區,富凰大賦,關新路二段688巷,富凰建設股份有限公司,(113)南工造字00851號,,台南市關廟區關新路二段688巷,台南市關廟區關新路2段688巷,ADDRESS_POINT_BASE,ROAD_LANE_CENTROID_關新路2段_６８８巷,120.31005736249628,23.00944201924027,富凰大賦
889,關廟區,文化劍橋22,成功路,力揚建設有限公司,(114)南工造字第00765號,,台南市關廟區成功路,台南市關廟區成功路,ADDRESS_POINT_BASE,ROAD_CENTROID_2468,120.24663132836282,23.05299321877311,文化劍橋22
140,關廟區,綠園道3,松平街56巷,金鴻運建設有限公司負責人：高天得,,,台南市關廟區松平街56巷,台南市關廟區松平街56巷,ADDRESS_POINT_BASE,CLEANED_NEARBY_LANE_松平街_５６巷,120.33696376263879,22.95821075631423,綠園道3
611,關廟區,臺邦第一景Ⅰ,中山路二段172號對面,鉅曜建設股份有限公司,(112)南工造字第02621號,,台南市關廟區中山路二段172號對面,台南市關廟區中山路2段172號,ADDRESS_POINT_BASE,ROAD_CENTROID_660,120.29695629465293,23.112615688471543,臺邦第一景ⅰ
610,關廟區,臺邦第一景Ⅱ,中山路二段172號對面,鉅曜建設股份有限公司,(113)南工造字第00201號,,台南市關廟區中山路二段172號對面,台南市關廟區中山路2段172號,ADDRESS_POINT_BASE,ROAD_CENTROID_660,120.29695629465293,23.112615688471543,臺邦第一景ⅱ
686,鹽水區,A+創世紀,新中路82巷,和都建設有限公司  森景實業股份有限公司,(110)南工造字第00952-03號,,台南市鹽水區新中路82巷,台南市鹽水區新中路82巷,ADDRESS_POINT_BASE,CLEANED_NEARBY_LANE_新中路_８２巷,120.27486912315763,23.308870790532712,a+創世紀
770,鹽水區,宏彬1,月津路55巷,宏彬建設有限公司,南宮造字第02155號,,台南市鹽水區月津路55巷,台南市鹽水區月津路55巷,ADDRESS_POINT_BASE,CLEANED_NEARBY_LANE_月津路_５５巷,120.26667610763691,23.314076616230505,宏彬1
888,鹽水區,玥彎彎,西門路,詠固建設股份有限公司 負責人:陳儀軒,(114)南工造字第01301號,,台南市鹽水區西門路,台南市鹽水區西門路,ADDRESS_POINT_BASE,ROAD_CENTROID_37,120.26653854943311,23.318660412014026,玥彎彎
932,麻豆區,人文私坊12期,建南街74巷,柳屋建設開發股份有限公司,(114)南工造字第02180號,,台南市麻豆區建南街74巷,台南市麻豆區建南街74巷,ADDRESS_POINT_BASE,CLEANED_NEARBY_LANE_建南街_７４巷,120.25009466717997,23.17787069410373,人文私坊12期
162,麻豆區,佳定富宇成佳,興國段,佳定建設有限公司代表人:莊詩吟,(110)南工造字第03754號,,台南市麻豆區興國段,台南市麻豆區興國段,ADDRESS_POINT_BASE,SECTION_CENTROID_興國段,120.24864218586926,23.177445395476973,佳定富宇成佳
91,麻豆區,吉億．擁恆3,南48鄉道,吉億建設股份有限公司,南工造字第01802~01809號,,台南市麻豆區南48鄉道,台南市麻豆區南48鄉道,NONE,NONE,,,吉億.擁恆3
348,麻豆區,吉億．擁恆5,南48鄉道,吉億建設股份有限公司 負責人：陳江山,南工造字第03661~03672號,,台南市麻豆區南48鄉道,台南市麻豆區南48鄉道,NONE,NONE,,,吉億.擁恆5
351,麻豆區,品學苑5,自由路,正隆建設股份有限公司,(111)南工造字第03448號,,台南市麻豆區自由路,台南市麻豆區自由路,ADDRESS_POINT_BASE,ROAD_CENTROID_231,120.27128000343396,23.151198528210873,品學苑5
836,麻豆區,尚學,興農段,東莞建設股份有公司,(114)南工造字第00081號,,台南市麻豆區興農段,台南市麻豆區興農段,ADDRESS_POINT_BASE,SECTION_CENTROID_興農段,120.24210477692917,23.18049590317228,尚學
934,麻豆區,常鼎家圓3,總爺庄,常鼎建設股份有限公司,(114)南工造字第01166-01號,,台南市麻豆區總爺庄,台南市麻豆區總爺庄,NONE,NONE,,,常鼎家圓3
377,麻豆區,逸墅家9-1期,自由路3號對面,忠福建設有限公司,(111)南工造字第02359號,,台南市麻豆區自由路3號對面,台南市麻豆區自由路3號,ADDRESS_POINT_BASE,ROAD_CENTROID_231,120.27128000343396,23.151198528210873,逸墅家9-1期
422,麻豆區,逸墅家9期,自由路9之7號附近良皇宮的對面,佳皇建設有限公司,(111)南工造字第01429-01號,,台南市麻豆區自由路9之7號附近良皇宮的對面,台南市麻豆區自由路9之7號,ADDRESS_POINT_BASE,CLEANED_NEARBY_ADDR_自由路,120.2439593975155,23.18951127800939,逸墅家9期
503,麻豆區,陳新建設-深白序曲,安業,陳新建設有限公司代表人:陳秀芳,(111)南工造字第02296號,,台南市麻豆區安業,台南市麻豆區安業,NONE,NONE,,,陳新建設-深白序曲
