edu_code,school_name,stage,school_type,district,address_norm,lon,lat,geom,center_source,match_level,dist_m,updated_at,addr_raw
113K06,七股區三股國民小學附設幼兒園,幼稚園,公立,七股區,台南市七股區100號,,,,NONE,NONE,,2026-03-24 14:33:07.485991+00,[724]臺南市七股區三股里7鄰100號
114X73,七股區竹橋國民小學附設幼兒園,幼稚園,公立,七股區,台南市七股區130號,,,,NONE,NONE,,2026-03-24 14:33:07.485991+00,[724]臺南市七股區竹橋里11鄰130號
114X9E,七股區農會附設私立幼兒園,幼稚園,私立,七股區,台南市七股區272號,,,,NONE,NONE,,2026-03-24 14:33:07.485991+00,[724]臺南市七股區大埕里1鄰272號
114681,市立七股國小,國小,公立,七股區,台南市七股區395號,,,,NONE,NONE,,2026-03-24 14:31:41.155065+00,[724]臺南市七股區大埕里395號
114684,市立三股國小,國小,公立,七股區,台南市七股區100號,,,,NONE,NONE,,2026-03-24 14:31:41.155065+00,[724]臺南市七股區三股里100號
114685,市立光復生態實驗小學,國小,公立,七股區,台南市七股區1號,,,,NONE,NONE,,2026-03-24 14:31:41.155065+00,[724]臺南市七股區塩埕里1號
114691,市立大文國小,國小,公立,七股區,台南市七股區36之2號,,,,NONE,NONE,,2026-03-24 14:31:41.155065+00,[724]臺南市七股區大寮里36之2號
114689,市立建功國小,國小,公立,七股區,台南市七股區74之1號,,,,NONE,NONE,,2026-03-24 14:31:41.155065+00,[724]臺南市七股區十份里74之1號
114528,市立後港國中,國中,公立,七股區,台南市七股區頂潭93號,,,,NONE,NONE,,2026-03-24 14:31:41.155065+00,[724]臺南市七股區大潭里頂潭93號
114682,市立後港國小,國小,公立,七股區,台南市七股區台潭1號,,,,NONE,NONE,,2026-03-24 14:31:41.155065+00,[724]臺南市七股區大潭里台潭1號
114692,市立樹林國小,國小,公立,七股區,台南市七股區65之11號,,,,NONE,NONE,,2026-03-24 14:31:41.155065+00,[724]臺南市七股區樹林里65之11號
114529,市立竹橋國中,國中,公立,七股區,台南市七股區74之2號,,,,NONE,NONE,,2026-03-24 14:31:41.155065+00,[724]臺南市七股區義合里74之2號
114683,市立竹橋國小,國小,公立,七股區,台南市七股區130號,,,,NONE,NONE,,2026-03-24 14:31:41.155065+00,[724]臺南市七股區竹橋里130號
114686,市立篤加國小,國小,公立,七股區,台南市七股區120號,,,,NONE,NONE,,2026-03-24 14:31:41.155065+00,[724]臺南市七股區篤加里120號
114688,市立龍山分校,國小,公立,七股區,台南市七股區12號,,,,NONE,NONE,,2026-03-24 14:31:41.155065+00,[724]臺南市七股區龍山里12號
111502,私立昭明國中,國中,私立,七股區,台南市七股區315號,,,,NONE,NONE,,2026-03-24 14:31:41.155065+00,[724]臺南市七股區大埕里315號
111XE3,私立瑞珍幼兒園,幼稚園,私立,七股區,台南市七股區大寮35號,,,,NONE,NONE,,2026-03-24 14:31:41.155065+00,[724]臺南市七股區大寮里5鄰大寮35-5號
114X32,下營區中營國民小學附設幼兒園,幼稚園,公立,下營區,台南市下營區270號,,,,NONE,NONE,,2026-03-24 14:33:07.485991+00,[735]臺南市下營區開化里4鄰270號
114X94,下營區賀建國民小學附設幼兒園,幼稚園,公立,下營區,台南市下營區麻豆寮49號,,,,NONE,NONE,,2026-03-24 14:33:07.485991+00,[735]臺南市下營區賀建里5鄰麻豆寮49號
114712,市立中營國小,國小,公立,下營區,台南市下營區270號,,,,NONE,NONE,,2026-03-24 14:31:41.155065+00,[735]臺南市下營區開化里270號
114714,市立甲中國小,國小,公立,下營區,台南市下營區71號,,,,NONE,NONE,,2026-03-24 14:31:41.155065+00,[735]臺南市下營區甲中里71號
114713,市立賀建國小,國小,公立,下營區,台南市下營區麻豆寮49號,,,,NONE,NONE,,2026-03-24 14:31:41.155065+00,[735]臺南市下營區賀建里麻豆寮49號
114X9A,立下營幼兒園,幼稚園,公立,下營區,台南市下營區4號,,,,NONE,NONE,,2026-03-24 14:33:07.485991+00,[735]臺南市下營區大屯里1鄰4-1號
213X13,中西區新南國民小學附設幼兒園,幼稚園,公立,中西區,台南市中西區府前路2段258巷57號,,,,NONE,NONE,,2026-03-24 14:33:07.485991+00,[700]臺南市中西區大涼里7鄰府前路二段258巷57號
213615,市立新南國小,國小,公立,中西區,台南市中西區府前路2段258巷57號,,,,NONE,NONE,,2026-03-24 14:31:41.155065+00,[700]臺南市中西區府前路二段258巷57號
213X03,市立第一幼兒園,幼稚園,公立,中西區,台南市中西區南門路26之1號,,,,NONE,NONE,,2026-03-24 14:33:07.485991+00,[700]臺南市中西區進學里20鄰南門路26之1號
213505,市立金城國中,國中,公立,中西區,台南市中西區金城街70號,,,,NONE,NONE,,2026-03-24 14:31:41.155065+00,[700]臺南市中西區金城街70號
114Y03,仁德區仁和國民小學附設幼兒園,幼稚園,公立,仁德區,台南市仁德區108號,,,,NONE,NONE,,2026-03-24 14:33:07.485991+00,[717]臺南市仁德區仁愛里22鄰108號
114X82,仁德區依仁國民小學附設幼兒園,幼稚園,公立,仁德區,台南市仁德區港墘3號,,,,NONE,NONE,,2026-03-24 14:33:07.485991+00,[717]臺南市仁德區中洲里1鄰港墘3號
114604,市立依仁國小,國小,公立,仁德區,台南市仁德區港墘3號,,,,NONE,NONE,,2026-03-24 14:31:41.155065+00,[717]臺南市仁德區中洲里港墘3號
111501,私立城光國中,國中,私立,仁德區,台南市仁德區文華路593號,,,,NONE,NONE,,2026-03-24 14:31:41.155065+00,[717]臺南市仁德區文華路593號
111XCJ,私立寶琪幼兒園,幼稚園,私立,仁德區,台南市仁德區28號,,,,NONE,NONE,,2026-03-24 14:31:41.155065+00,[717]臺南市仁德區中洲里3鄰28-8號
111X22,私立甜蜜幼兒園,幼稚園,私立,仁德區,台南市仁德區成功二街100號,,,,NONE,NONE,,2026-03-24 14:31:41.155065+00,[717]臺南市仁德區成功里19鄰成功二街100號
114X38,佳里區佳興國民小學附設幼兒園,幼稚園,公立,佳里區,台南市佳里區區214號,,,,NONE,NONE,,2026-03-24 14:33:07.485991+00,[722]臺南市佳里區佳化里22鄰214號
113X01,佳里區塭內國民小學附設幼兒園,幼稚園,公立,佳里區,台南市佳里區區40號,,,,NONE,NONE,,2026-03-24 14:33:07.485991+00,[722]臺南市佳里區龍安里5鄰40號
113X03,佳里區子龍國民小學附設幼兒園,幼稚園,公立,佳里區,台南市佳里區區潭墘5號,,,,NONE,NONE,,2026-03-24 14:33:07.485991+00,[722]臺南市佳里區三協里5鄰潭墘5號
113X02,佳里區延平國民小學附設幼兒園,幼稚園,公立,佳里區,台南市佳里區區136號,,,,NONE,NONE,,2026-03-24 14:33:07.485991+00,[722]臺南市佳里區頂部里11鄰136號
113K05,佳里區通興國民小學附設幼兒園,幼稚園,公立,佳里區,台南市佳里區區5之1號,,,,NONE,NONE,,2026-03-24 14:33:07.485991+00,[722]臺南市佳里區通興里7鄰5之1號
110404,國立北門農工,高職,公立,佳里區,台南市佳里區117號,,,,NONE,NONE,,2026-03-24 14:31:41.155065+00,[722]臺南市佳里區六安里117號
110311,國立北門高中,高中,公立,佳里區,台南市佳里區269號,,,,NONE,NONE,,2026-03-24 14:31:41.155065+00,[722]臺南市佳里區六安里269號
114524,市立佳興國中,國中,公立,佳里區,台南市佳里區新宅34之1號,,,,NONE,NONE,,2026-03-24 14:31:41.155065+00,[722]臺南市佳里區民安里新宅34之1號
114669,市立佳興國小,國小,公立,佳里區,台南市佳里區214號,,,,NONE,NONE,,2026-03-24 14:31:41.155065+00,[722]臺南市佳里區佳化里214號
114671,市立塭內國小,國小,公立,佳里區,台南市佳里區40號,,,,NONE,NONE,,2026-03-24 14:31:41.155065+00,[722]臺南市佳里區龍安里40號
114672,市立子龍國小,國小,公立,佳里區,台南市佳里區潭墘5號,,,,NONE,NONE,,2026-03-24 14:31:41.155065+00,[722]臺南市佳里區三協里潭墘5號
114670,市立延平國小,國小,公立,佳里區,台南市佳里區136號,,,,NONE,NONE,,2026-03-24 14:31:41.155065+00,[722]臺南市佳里區頂廍里136號
114674,市立通興國小,國小,公立,佳里區,台南市佳里區埔頂5之1號,,,,NONE,NONE,,2026-03-24 14:31:41.155065+00,[722]臺南市佳里區通興里埔頂5之1號
111X46,私立佳佳幼兒園,幼稚園,私立,佳里區,台南市佳里區區安西121號,,,,NONE,NONE,,2026-03-24 14:31:41.155065+00,[722]臺南市佳里區安西里48鄰安西121-2號
111Y30,私立佳里光暉幼兒園,幼稚園,私立,佳里區,台南市佳里區區49號,,,,NONE,NONE,,2026-03-24 14:33:07.485991+00,[722]臺南市佳里區安西里23鄰49-41號
111X50,私立泑潛幼兒園,幼稚園,私立,佳里區,台南市佳里區區安西路134號,,,,NONE,NONE,,2026-03-24 14:31:41.155065+00,[722]臺南市佳里區安西里52鄰安西路134號
111X49,私立立人幼兒園,幼稚園,私立,佳里區,台南市佳里區區76號,,,,NONE,NONE,,2026-03-24 14:31:41.155065+00,[722]臺南市佳里區安西里30鄰76-2號
114Y10,六甲區林鳳國民小學附設幼兒園,幼稚園,公立,六甲區,台南市六甲區林鳳營240號,,,,NONE,NONE,,2026-03-24 14:33:07.485991+00,[734]臺南市六甲區中社里20鄰林鳳營240號
213696,市立六甲國小-湖東分校,國小,公立,六甲區,台南市六甲區24號,,,,NONE,NONE,,2026-03-24 14:31:41.155065+00,[734]台南市六甲區王爺里24號
114718,市立林鳳國小,國小,公立,六甲區,台南市六甲區林鳳營240號,,,,NONE,NONE,,2026-03-24 14:31:41.155065+00,[734]臺南市六甲區中社里林鳳營240號
111XAJ,私立龍成幼兒園,幼稚園,私立,六甲區,台南市六甲區林鳳營242號,,,,NONE,NONE,,2026-03-24 14:31:41.155065+00,[734]臺南市六甲區中社里22鄰林鳳營242-1號
211XAI,社團法人台南市基督教青年會附設私立公園幼兒園,幼稚園,私立,北區,台南市北區公園路591之31號,,,,NONE,NONE,,2026-03-24 14:33:07.485991+00,[704]臺南市北區六甲里21鄰公園路591之31號
211XAG,私立安得誼幼兒園,幼稚園,私立,北區,台南市北區文成五街27號,,,,NONE,NONE,,2026-03-24 14:33:07.485991+00,[704]臺南市北區成德里33鄰文成五街27號
211XEW,私立慶南幼兒園,幼稚園,私立,北區,台南市北區文成五街66號,,,,NONE,NONE,,2026-03-24 14:33:07.485991+00,[704]臺南市北區成德里22鄰文成五街66號
114X86,北門區北門國民小學附設幼兒園,幼稚園,公立,北門區,台南市北門區舊埕3號,,,,NONE,NONE,,2026-03-24 14:33:07.485991+00,[727]臺南市北門區北門里2鄰舊埕3號
114Y18,北門區蚵寮國民小學附設幼兒園,幼稚園,公立,北門區,台南市北門區791號,,,,NONE,NONE,,2026-03-24 14:33:07.485991+00,[727]臺南市北門區鯤江里2鄰791號
111XBB,北門區農會附設私立幼兒園,幼稚園,私立,北門區,台南市北門區118號,,,,NONE,NONE,,2026-03-24 14:31:41.155065+00,[727]臺南市北門區北門里21鄰118-1號
114X41,北門區雙春國民小學附設幼兒園,幼稚園,公立,北門區,台南市北門區35號,,,,NONE,NONE,,2026-03-24 14:33:07.485991+00,[727]臺南市北門區雙春里5鄰35-2號
114705,市立三慈國小,國小,公立,北門區,台南市北門區381號,,,,NONE,NONE,,2026-03-24 14:31:41.155065+00,[727]臺南市北門區慈安里381號
114530,市立北門國中,國中,公立,北門區,台南市北門區1之1號,,,,NONE,NONE,,2026-03-24 14:31:41.155065+00,[727]臺南市北門區永華里1之1號
114699,市立北門國小,國小,公立,北門區,台南市北門區舊埕3號,,,,NONE,NONE,,2026-03-24 14:31:41.155065+00,[727]臺南市北門區北門里舊埕3號
213693,市立北門國小-玉湖分校,國小,公立,北門區,台南市北門區39之3號,,,,NONE,NONE,,2026-03-24 14:31:41.155065+00,[727]台南市北門區玉港里39之3號
114701,市立文山國小,國小,公立,北門區,台南市北門區50號,,,,NONE,NONE,,2026-03-24 14:31:41.155065+00,[727]臺南市北門區中樞里50號
114700,市立蚵寮國小,國小,公立,北門區,台南市北門區791號,,,,NONE,NONE,,2026-03-24 14:31:41.155065+00,[727]臺南市北門區鯤江里791號
114702,市立錦湖國小,國小,公立,北門區,台南市北門區75號,,,,NONE,NONE,,2026-03-24 14:31:41.155065+00,[727]臺南市北門區錦湖里75號
114703,市立雙春國小,國小,公立,北門區,台南市北門區35之2號,,,,NONE,NONE,,2026-03-24 14:31:41.155065+00,[727]臺南市北門區雙春里35之2號
114X25,南化區北寮國民小學附設幼兒園,幼稚園,公立,南化區,台南市南化區110之27號,,,,NONE,NONE,,2026-03-24 14:33:07.485991+00,[716]臺南市南化區北寮里7鄰110之27號
114X24,南化區南化國民小學附設幼兒園,幼稚園,公立,南化區,台南市南化區17號,,,,NONE,NONE,,2026-03-24 14:33:07.485991+00,[716]臺南市南化區南化里2鄰17號
114X98,南化區玉山國民小學附設幼兒園,幼稚園,公立,南化區,台南市南化區48之1號,,,,NONE,NONE,,2026-03-24 14:33:07.485991+00,[716]臺南市南化區玉山里5鄰48之1號
114X90,南化區瑞峰國民小學附設幼兒園,幼稚園,公立,南化區,台南市南化區96號,,,,NONE,NONE,,2026-03-24 14:33:07.485991+00,[716]臺南市南化區關山里4鄰96號
114Y14,南化區西埔國民小學附設幼兒園,幼稚園,公立,南化區,台南市南化區117號,,,,NONE,NONE,,2026-03-24 14:33:07.485991+00,[716]臺南市南化區西埔里12鄰117號
114640,市立北寮國小,國小,公立,南化區,台南市南化區110之27號,,,,NONE,NONE,,2026-03-24 14:31:41.155065+00,[716]臺南市南化區北寮里110之27號
114516,市立南化國中,國中,公立,南化區,台南市南化區227號,,,,NONE,NONE,,2026-03-24 14:31:41.155065+00,[716]臺南市南化區南化里227號
114639,市立南化國小,國小,公立,南化區,台南市南化區17號,,,,NONE,NONE,,2026-03-24 14:31:41.155065+00,[716]臺南市南化區南化里17號
114642,市立玉山國小,國小,公立,南化區,台南市南化區48之1號,,,,NONE,NONE,,2026-03-24 14:31:41.155065+00,[716]臺南市南化區玉山里48之1號
114643,市立瑞峰國小,國小,公立,南化區,台南市南化區96號,,,,NONE,NONE,,2026-03-24 14:31:41.155065+00,[716]臺南市南化區關山里96號
114641,市立西埔國小,國小,公立,南化區,台南市南化區117號,,,,NONE,NONE,,2026-03-24 14:31:41.155065+00,[716]臺南市南化區西埔里117號
111XEE,私立寶貝熊幼兒園,幼稚園,私立,南化區,台南市南化區南化47號,,,,NONE,NONE,,2026-03-24 14:31:41.155065+00,[716]臺南市南化區南化里5鄰南化47-6號
213303,市立南寧高中,高中,公立,南區,台南市南區明興路925巷167號,,,,NONE,NONE,,2026-03-24 14:31:41.155065+00,[702]臺南市南區明興路925巷167號
211XCA,私立長春藤幼兒園,幼稚園,私立,南區,台南市南區新興路289之2號,,,,NONE,NONE,,2026-03-24 14:33:07.485991+00,[702]臺南市南區田寮里2鄰新興路289之2號
114X15,善化區善糖國民小學附設幼兒園,幼稚園,公立,善化區,台南市善化區245號,,,,NONE,NONE,,2026-03-24 14:33:07.485991+00,[741]臺南市善化區溪美里23鄰245號
114X12,善化區大同國民小學附設幼兒園,幼稚園,公立,善化區,台南市善化區200號,,,,NONE,NONE,,2026-03-24 14:33:07.485991+00,[741]臺南市善化區六德里1鄰200-1號
114X20,善化區小新國民小學附設幼兒園,幼稚園,公立,善化區,台南市善化區小新營97號,,,,NONE,NONE,,2026-03-24 14:33:07.485991+00,[741]臺南市善化區小新里11鄰小新營97-3號
114X11,善化區茄拔國民小學附設幼兒園,幼稚園,公立,善化區,台南市善化區280號,,,,NONE,NONE,,2026-03-24 14:33:07.485991+00,[741]臺南市善化區嘉北里12鄰280號
114X14,善化區陽明國民小學附設幼兒園,幼稚園,公立,善化區,台南市善化區300號,,,,NONE,NONE,,2026-03-24 14:33:07.485991+00,[741]臺南市善化區胡家里4鄰300號
114649,市立善化區大同國小,國小,公立,善化區,台南市善化區200之1號,,,,NONE,NONE,,2026-03-24 14:31:41.155065+00,[741]臺南市善化區六德里200之1號
114510,市立善化國中,國中,公立,善化區,台南市善化區656號,,,,NONE,NONE,,2026-03-24 14:31:41.155065+00,[741]臺南市善化區溪美里656號
114652,市立善糖國小,國小,公立,善化區,台南市善化區245號,,,,NONE,NONE,,2026-03-24 14:31:41.155065+00,[741]臺南市善化區溪美里245號
114653,市立小新國小,國小,公立,善化區,台南市善化區97之3號,,,,NONE,NONE,,2026-03-24 14:31:41.155065+00,[741]臺南市善化區小新里97之3號
114648,市立茄拔國小,國小,公立,善化區,台南市善化區280號,,,,NONE,NONE,,2026-03-24 14:31:41.155065+00,[741]臺南市善化區嘉北里280號
114651,市立陽明國小,國小,公立,善化區,台南市善化區300號,,,,NONE,NONE,,2026-03-24 14:31:41.155065+00,[741]臺南市善化區胡家里300號
111XBT,私立家欣幼兒園,幼稚園,私立,善化區,台南市善化區茄拔2號,,,,NONE,NONE,,2026-03-24 14:31:41.155065+00,[741]臺南市善化區嘉北里1鄰茄拔2-7號
111X9A,私立小叮噹幼兒園,幼稚園,私立,善化區,台南市善化區100號,,,,NONE,NONE,,2026-03-24 14:31:41.155065+00,[741]臺南市善化區胡家里20鄰100號
111XBQ,私立欣皇幼兒園,幼稚園,私立,善化區,台南市善化區122號,,,,NONE,NONE,,2026-03-24 14:31:41.155065+00,[741]臺南市善化區什乃里10鄰122號
114Y12,大內區二溪國民小學附設幼兒園,幼稚園,公立,大內區,台南市大內區154號,,,,NONE,NONE,,2026-03-24 14:33:07.485991+00,[742]臺南市大內區二溪里3鄰154號
114X36,大內區大內國民小學附設幼兒園,幼稚園,公立,大內區,台南市大內區63號,,,,NONE,NONE,,2026-03-24 14:33:07.485991+00,[742]臺南市大內區大內里5鄰63號
114726,市立二溪國小,國小,公立,大內區,台南市大內區154號,,,,NONE,NONE,,2026-03-24 14:31:41.155065+00,[742]臺南市大內區二溪里154號
114522,市立大內國中,國中,公立,大內區,台南市大內區319之1號,,,,NONE,NONE,,2026-03-24 14:31:41.155065+00,[742]臺南市大內區內江里319之1號
114724,市立大內國小,國小,公立,大內區,台南市大內區63號,,,,NONE,NONE,,2026-03-24 14:31:41.155065+00,[742]臺南市大內區大內里63號
213695,市立大內國小-頭社分校,國小,公立,大內區,台南市大內區10號,,,,NONE,NONE,,2026-03-24 14:31:41.155065+00,[742]台南市大內區頭社里10號
111XEB,私立大內美士堡幼兒園,幼稚園,私立,大內區,台南市大內區內庄70號,,,,NONE,NONE,,2026-03-24 14:31:41.155065+00,[742]臺南市大內區大內里7鄰內庄70-2號
114X70,學甲區學甲國民小學附設幼兒園,幼稚園,公立,學甲區,台南市學甲區一秀30號,,,,NONE,NONE,,2026-03-24 14:33:07.485991+00,[726]臺南市學甲區秀昌里3鄰一秀30號
114707,市立中洲國小,國小,公立,學甲區,台南市學甲區645號,,,,NONE,NONE,,2026-03-24 14:31:41.155065+00,[726]臺南市學甲區光華里645號
114706,市立學甲國小,國小,公立,學甲區,台南市學甲區一秀30號,,,,NONE,NONE,,2026-03-24 14:31:41.155065+00,[726]臺南市學甲區秀昌里3鄰一秀30號
114X9W,市立學甲幼兒園,幼稚園,公立,學甲區,台南市學甲區下溪洲1號,,,,NONE,NONE,,2026-03-24 14:33:07.485991+00,[726]臺南市學甲區秀昌里14鄰下溪洲1-11號
114708,市立宅港國小,國小,公立,學甲區,台南市學甲區13號,,,,NONE,NONE,,2026-03-24 14:31:41.155065+00,[726]臺南市學甲區宅港里13號
114709,市立頂洲國小,國小,公立,學甲區,台南市學甲區108號,,,,NONE,NONE,,2026-03-24 14:31:41.155065+00,[726]臺南市學甲區三慶里108號
213X30,安南區鎮海國民小學附設幼兒園,幼稚園,公立,安南區,台南市安南區大眾街381號,,,,NONE,NONE,,2026-03-24 14:33:07.485991+00,[709]臺南市安南區四草里3鄰大眾街381號
213X18,安南區青草國民小學附設幼兒園,幼稚園,公立,安南區,台南市安南區青砂街2段105巷32號,,,,NONE,NONE,,2026-03-24 14:33:07.485991+00,[709]臺南市安南區青草里1鄰青砂街二段105巷32號
213634,市立長安國小,國小,公立,安南區,台南市安南區長溪街3段249號,,,,NONE,NONE,,2026-03-24 14:31:41.155065+00,[709]臺南市安南區長溪街三段249號
213631,市立青草國小,國小,公立,安南區,台南市安南區青砂街2段105巷32號,,,,NONE,NONE,,2026-03-24 14:31:41.155065+00,[709]臺南市安南區青砂街二段105巷32號
211XDP,私立光暉幼兒園,幼稚園,私立,安南區,台南市安南區海佃路1段95巷1號,,,,NONE,NONE,,2026-03-24 14:33:07.485991+00,[709]臺南市安南區幸福里20鄰海佃路一段95巷1號
211XDE,私立和順幼兒園,幼稚園,私立,安南區,台南市安南區安和路5段81巷16號,,,,NONE,NONE,,2026-03-24 14:33:07.485991+00,[709]臺南市安南區州北里13鄰安和路五段81巷16號
211XDN,私立意文幼兒園,幼稚園,私立,安南區,台南市安南區安和路6段20巷1號,,,,NONE,NONE,,2026-03-24 14:33:07.485991+00,[709]臺南市安南區州北里17鄰安和路六段20巷1號
211315,私立瀛海高中,高中,私立,安南區,台南市安南區長溪街1段76號,,,,NONE,NONE,,2026-03-24 14:31:41.155065+00,[709]臺南市安南區長溪街一段76號
114X19,安定區南安國民小學附設幼兒園,幼稚園,公立,安定區,台南市安定區62號,,,,NONE,NONE,,2026-03-24 14:33:07.485991+00,[745]臺南市安定區南安里5鄰62號
114X18,安定區安定國民小學附設幼兒園,幼稚園,公立,安定區,台南市安定區1號,,,,NONE,NONE,,2026-03-24 14:33:07.485991+00,[745]臺南市安定區安定里3鄰1號
114657,市立南安國小,國小,公立,安定區,台南市安定區62號,,,,NONE,NONE,,2026-03-24 14:31:41.155065+00,[745]臺南市安定區南安里62號
114658,市立安定區南興國小,國小,公立,安定區,台南市安定區30號,,,,NONE,NONE,,2026-03-24 14:31:41.155065+00,[745]臺南市安定區六嘉里30號
114513,市立安定國中,國中,公立,安定區,台南市安定區262之1號,,,,NONE,NONE,,2026-03-24 14:31:41.155065+00,[745]臺南市安定區安加里262之1號
114656,市立安定國小,國小,公立,安定區,台南市安定區1號,,,,NONE,NONE,,2026-03-24 14:31:41.155065+00,[745]臺南市安定區安定里1號
111Y46,私立倍幼安幼兒園,幼稚園,私立,安定區,台南市安定區17號,,,,NONE,NONE,,2026-03-24 14:33:07.485991+00,[745]臺南市安定區中榮里2鄰17-3號
111XC2,私立小博士幼兒園,幼稚園,私立,安定區,台南市安定區15號,,,,NONE,NONE,,2026-03-24 14:31:41.155065+00,[745]臺南市安定區港尾里3鄰15-12號
111XC3,私立德寶幼兒園,幼稚園,私立,安定區,台南市安定區15號,,,,NONE,NONE,,2026-03-24 14:31:41.155065+00,[745]臺南市安定區港尾里3鄰15-13號
114X9G,私立愛力特幼兒園,幼稚園,私立,安定區,台南市安定區46號,,,,NONE,NONE,,2026-03-24 14:33:07.485991+00,[745]臺南市安定區大同里6鄰46-2號
111X40,私立慈暉幼兒園,幼稚園,私立,安定區,台南市安定區332號,,,,NONE,NONE,,2026-03-24 14:31:41.155065+00,[745]臺南市安定區港口里14鄰332-4號
111XC5,私立活水幼兒園,幼稚園,私立,安定區,台南市安定區港子尾54號,,,,NONE,NONE,,2026-03-24 14:31:41.155065+00,[745]臺南市安定區港尾里10鄰港子尾54-5號
111XC6,私立筑園幼兒園,幼稚園,私立,安定區,台南市安定區224號,,,,NONE,NONE,,2026-03-24 14:31:41.155065+00,[745]臺南市安定區蘇林里19鄰224-2號
111XC4,私立米琪幼兒園,幼稚園,私立,安定區,台南市安定區港口20號,,,,NONE,NONE,,2026-03-24 14:31:41.155065+00,[745]臺南市安定區港南里3鄰港口20-1號
111XC7,私立蘇林幼兒園,幼稚園,私立,安定區,台南市安定區132號,,,,NONE,NONE,,2026-03-24 14:31:41.155065+00,[745]臺南市安定區蘇林里12鄰132-1號
114X35,官田區官田國民小學附設幼兒園,幼稚園,公立,官田區,台南市官田區11號,,,,NONE,NONE,,2026-03-24 14:33:07.485991+00,[720]臺南市官田區官田里1鄰11號
114X80,官田區渡拔國民小學附設幼兒園,幼稚園,公立,官田區,台南市官田區77號,,,,NONE,NONE,,2026-03-24 14:33:07.485991+00,[720]臺南市官田區拔林里10鄰77-1號
114720,市立官田國小,國小,公立,官田區,台南市官田區11號,,,,NONE,NONE,,2026-03-24 14:31:41.155065+00,[720]臺南市官田區官田里11號
114723,市立渡拔國小,國小,公立,官田區,台南市官田區77之1號,,,,NONE,NONE,,2026-03-24 14:31:41.155065+00,[720]臺南市官田區拔林里77之1號
111XAO,私立偉仁幼兒園,幼稚園,私立,官田區,台南市官田區110號,,,,NONE,NONE,,2026-03-24 14:31:41.155065+00,[720]臺南市官田區二鎮里13鄰110-34號
111XAM,私立史丹佛幼兒園,幼稚園,私立,官田區,台南市官田區56號,,,,NONE,NONE,,2026-03-24 14:31:41.155065+00,[720]臺南市官田區二鎮里13鄰56-39號
111Y25,私立小森林成長幼兒園,幼稚園,私立,官田區,台南市官田區角秀11號,,,,NONE,NONE,,2026-03-24 14:33:07.485991+00,[720]臺南市官田區二鎮里15鄰角秀11-25號
111419,私立陽明工商,高職,私立,官田區,台南市官田區423號,,,,NONE,NONE,,2026-03-24 14:31:41.155065+00,[720]臺南市官田區官田里423號
114X40,將軍區漚汪國民小學附設幼兒園,幼稚園,公立,將軍區,台南市將軍區4號,,,,NONE,NONE,,2026-03-24 14:33:07.485991+00,[725]臺南市將軍區長榮里1鄰4號
114X81,將軍區鯤鯓國民小學附設幼兒園,幼稚園,公立,將軍區,台南市將軍區6號,,,,NONE,NONE,,2026-03-24 14:33:07.485991+00,[725]臺南市將軍區鯤溟里1鄰6號
114527,市立將軍國中,國中,公立,將軍區,台南市將軍區昌平1之1號,,,,NONE,NONE,,2026-03-24 14:31:41.155065+00,[725]臺南市將軍區嘉昌里昌平1之1號
114693,市立將軍國小,國小,公立,將軍區,台南市將軍區58號,,,,NONE,NONE,,2026-03-24 14:31:41.155065+00,[725]臺南市將軍區將貴里58號
114X9Y,市立將軍幼兒園,幼稚園,公立,將軍區,台南市將軍區176號,,,,NONE,NONE,,2026-03-24 14:33:07.485991+00,[725]臺南市將軍區廣山里18鄰176號
114694,市立漚汪國小,國小,公立,將軍區,台南市將軍區4號,,,,NONE,NONE,,2026-03-24 14:31:41.155065+00,[725]臺南市將軍區長榮里4號
114695,市立苓和國小,國小,公立,將軍區,台南市將軍區132號,,,,NONE,NONE,,2026-03-24 14:31:41.155065+00,[725]臺南市將軍區苓和里132號
114697,市立長平國小,國小,公立,將軍區,台南市將軍區132之2號,,,,NONE,NONE,,2026-03-24 14:31:41.155065+00,[725]臺南市將軍區長沙里132之2號
114696,市立鯤鯓國小,國小,公立,將軍區,台南市將軍區6號,,,,NONE,NONE,,2026-03-24 14:31:41.155065+00,[725]臺南市將軍區鯤溟里6號
114X21,山上區山上國民小學附設幼兒園,幼稚園,公立,山上區,台南市山上區42號,,,,NONE,NONE,,2026-03-24 14:33:07.485991+00,[743]臺南市山上區南洲里4鄰42號
111XC9,山上區農會附設私立幼兒園,幼稚園,私立,山上區,台南市山上區6號,,,,NONE,NONE,,2026-03-24 14:31:41.155065+00,[743]臺南市山上區南洲里4鄰6-1號
114512,市立山上國中,國中,公立,山上區,台南市山上區130號,,,,NONE,NONE,,2026-03-24 14:31:41.155065+00,[743]臺南市山上區山上里130號
114635,市立山上國小,國小,公立,山上區,台南市山上區42號,,,,NONE,NONE,,2026-03-24 14:31:41.155065+00,[743]臺南市山上區南洲里42號
111XE7,私立德成幼兒園,幼稚園,私立,山上區,台南市山上區大庄1號,,,,NONE,NONE,,2026-03-24 14:31:41.155065+00,[743]臺南市山上區新莊里6鄰大庄1-70號
114X27,左鎮區光榮國民小學附設幼兒園,幼稚園,公立,左鎮區,台南市左鎮61之1號,,,,NONE,NONE,,2026-03-24 14:33:07.485991+00,[713]臺南市左鎮區榮和里13鄰61之1號
114X26,左鎮區左鎮國民小學附設幼兒園,幼稚園,公立,左鎮區,台南市左鎮7號,,,,NONE,NONE,,2026-03-24 14:33:07.485991+00,[713]臺南市左鎮區中正里1鄰7號
114646,市立光榮國小,國小,公立,左鎮區,台南市左鎮61之1號,,,,NONE,NONE,,2026-03-24 14:31:41.155065+00,[713]臺南市左鎮區榮和里61之1號
114517,市立左鎮國中,國中,公立,左鎮區,台南市左鎮170號,,,,NONE,NONE,,2026-03-24 14:31:41.155065+00,[713]臺南市左鎮區中正里170號
114644,市立左鎮國小,國小,公立,左鎮區,台南市左鎮7號,,,,NONE,NONE,,2026-03-24 14:31:41.155065+00,[713]臺南市左鎮區中正里7號
110314,國立後壁高中,高中,公立,後壁區,台南市後壁區下茄苳132號,,,,NONE,NONE,,2026-03-24 14:31:41.155065+00,[731]臺南市後壁區嘉苳里下茄苳132號
114765,市立安溪國小,國小,公立,後壁區,台南市後壁區5號,,,,NONE,NONE,,2026-03-24 14:31:41.155065+00,[731]臺南市後壁區長安里5號
114539,市立後壁國中,國中,公立,後壁區,台南市後壁區124之20號,,,,NONE,NONE,,2026-03-24 14:31:41.155065+00,[731]臺南市後壁區嘉苳里124之20號
114763,市立後壁國小,國小,公立,後壁區,台南市後壁區195號,,,,NONE,NONE,,2026-03-24 14:31:41.155065+00,[731]臺南市後壁區後壁里195號
114768,市立新嘉國小,國小,公立,後壁區,台南市後壁區210之2號,,,,NONE,NONE,,2026-03-24 14:31:41.155065+00,[731]臺南市後壁區新嘉里210之2號
114766,市立新東國小,國小,公立,後壁區,台南市後壁區81號,,,,NONE,NONE,,2026-03-24 14:31:41.155065+00,[731]臺南市後壁區仕安里81號
114769,市立樹人國小,國小,公立,後壁區,台南市後壁區145號,,,,NONE,NONE,,2026-03-24 14:31:41.155065+00,[731]臺南市後壁區烏樹里145號
114767,市立永安國小,國小,公立,後壁區,台南市後壁區48之5號,,,,NONE,NONE,,2026-03-24 14:31:41.155065+00,[731]臺南市後壁區嘉田里48之5號
114540,市立菁寮國中,國中,公立,後壁區,台南市後壁區8之3號,,,,NONE,NONE,,2026-03-24 14:31:41.155065+00,[731]臺南市後壁區頂長里8之3號
114764,市立菁寮國小,國小,公立,後壁區,台南市後壁區282號,,,,NONE,NONE,,2026-03-24 14:31:41.155065+00,[731]臺南市後壁區墨林里282號
114X65,後壁區安溪國民小學附設幼兒園,幼稚園,公立,後壁區,台南市後壁區5號,,,,NONE,NONE,,2026-03-24 14:33:07.485991+00,[731]臺南市後壁區長安里1鄰5號
114X64,後壁區後壁國民小學附設幼兒園,幼稚園,公立,後壁區,台南市後壁區195號,,,,NONE,NONE,,2026-03-24 14:33:07.485991+00,[731]臺南市後壁區後壁里12鄰195號
114Y05,後壁區新嘉國民小學附設幼兒園,幼稚園,公立,後壁區,台南市後壁區210號,,,,NONE,NONE,,2026-03-24 14:33:07.485991+00,[731]臺南市後壁區新嘉里19鄰210-2號
114X79,後壁區新東國民小學附設幼兒園,幼稚園,公立,後壁區,台南市後壁區81號,,,,NONE,NONE,,2026-03-24 14:33:07.485991+00,[731]臺南市後壁區仕安里10鄰81號
111XA6,私立名人幼兒園,幼稚園,私立,後壁區,台南市後壁區89號,,,,NONE,NONE,,2026-03-24 14:31:41.155065+00,[731]臺南市後壁區嘉田里9鄰89-5號
111XA7,私立開心幼兒園,幼稚園,私立,後壁區,台南市後壁區173號,,,,NONE,NONE,,2026-03-24 14:31:41.155065+00,[731]臺南市後壁區後壁里10鄰173-15號
114632,市立口埤實驗小學,國小,公立,新化區,台南市新化區口埤88號,,,,NONE,NONE,,2026-03-24 14:31:41.155065+00,[712]臺南市新化區知義里口埤88號
114631,市立那拔國小,國小,公立,新化區,台南市新化區54號,,,,NONE,NONE,,2026-03-24 14:31:41.155065+00,[712]臺南市新化區那拔里54號
114X08,新化區那拔國民小學附設幼兒園,幼稚園,公立,新化區,台南市新化區54號,,,,NONE,NONE,,2026-03-24 14:33:07.485991+00,[712]臺南市新化區那拔里1鄰54號
114799,國立南科國際實驗小學,國小,公立,新市區,台南市新市區三舍村大順6路12巷6號,,,,NONE,NONE,,2026-03-24 14:31:41.155065+00,[744]台南市新市區三舍村大順6路12巷6號
110328,國立南科國際實驗高中,高中,公立,新市區,台南市新市大順6路12巷6號,,,,NONE,NONE,,2026-03-24 14:31:41.155065+00,[744]臺南市新市區三舍里大順6路12巷6號
114655,市立大社國小,國小,公立,新市區,台南市新市39號,,,,NONE,NONE,,2026-03-24 14:31:41.155065+00,[744]臺南市新市區大社里39號
114515,市立新市國中,國中,公立,新市區,台南市新市區民族路76號,,,,NONE,NONE,,2026-03-24 14:31:41.155065+00,[744]臺南市新市區民族路76號
114654,市立新市國小,國小,公立,新市區,台南市新市區中興街1號,,,,NONE,NONE,,2026-03-24 14:31:41.155065+00,[744]臺南市新市區中興街1號
114X17,新市區大社國民小學附設幼兒園,幼稚園,公立,新市區,台南市新市39號,,,,NONE,NONE,,2026-03-24 14:33:07.485991+00,[744]臺南市新市區大社里5鄰39號
111XBX,私立心之寶幼兒園,幼稚園,私立,新市區,台南市新市大營131號,,,,NONE,NONE,,2026-03-24 14:31:41.155065+00,[744]臺南市新市區大營里24鄰大營131-51號
111XBY,私立愛心幼兒園,幼稚園,私立,新市區,台南市新市537號,,,,NONE,NONE,,2026-03-24 14:31:41.155065+00,[744]臺南市新市區潭頂里14鄰537-13號
111Y33,私立蕃茄幼兒園,幼稚園,私立,新市區,台南市新市永就94號,,,,NONE,NONE,,2026-03-24 14:33:07.485991+00,[744]臺南市新市區永就里9鄰永就94-6號
114735,市立土庫國小,國小,公立,新營區,台南市新營區71之1號,,,,NONE,NONE,,2026-03-24 14:31:41.155065+00,[730]臺南市新營區土庫里71之1號
114532,市立太子國中,國中,公立,新營區,台南市新營區140號,,,,NONE,NONE,,2026-03-24 14:31:41.155065+00,[730]臺南市新營區太北里140-21號
114730,市立新橋國小,國小,公立,新營區,台南市新營區1號,,,,NONE,NONE,,2026-03-24 14:31:41.155065+00,[730]臺南市新營區鐵線里1號
114731,市立新營區新興國小,國小,公立,新營區,台南市新營區316號,,,,NONE,NONE,,2026-03-24 14:31:41.155065+00,[730]臺南市新營區太南里316號
114734,市立新生國小,國小,公立,新營區,台南市新營區52號,,,,NONE,NONE,,2026-03-24 14:31:41.155065+00,[730]臺南市新營區姑爺里52號
114X47,新營區土庫國民小學附設幼兒園,幼稚園,公立,新營區,台南市新營區71號,,,,NONE,NONE,,2026-03-24 14:33:07.485991+00,[730]臺南市新營區土庫里8鄰71-1號
114X44,新營區新興國民小學附設幼兒園,幼稚園,公立,新營區,台南市新營區316號,,,,NONE,NONE,,2026-03-24 14:33:07.485991+00,[730]臺南市新營區太南里19鄰316號
111321,私立中信高中,高中,私立,新營區,台南市新營區大同路86號,,,,NONE,NONE,,2026-03-24 14:31:41.155065+00,[730]臺南市新營區大同路86號
111X77,私立大華幼兒園,幼稚園,私立,新營區,台南市新營區太子宮1號,,,,NONE,NONE,,2026-03-24 14:31:41.155065+00,[730]臺南市新營區太北里1鄰太子宮1-11號
111X9N,私立龍太子幼兒園,幼稚園,私立,新營區,台南市新營區太子宮314號,,,,NONE,NONE,,2026-03-24 14:31:41.155065+00,[730]臺南市新營區太南里19鄰太子宮314-2號
211X68,國立成功大學附設私立員工子女幼兒園,幼稚園,私立,東區,台南市東區大學路1之3號,,,,NONE,NONE,,2026-03-24 14:33:07.485991+00,[701]臺南市東區大學里20鄰大學路1之3號
211X99,私立人上人幼兒園,幼稚園,私立,東區,台南市東區長榮路2段32巷8號,,,,NONE,NONE,,2026-03-24 14:33:07.485991+00,[701]臺南市東區東安里5鄰長榮路二段32巷8號
211XBG,私立小太陽幼兒園,幼稚園,私立,東區,台南市東區林森路1段153巷58號,,,,NONE,NONE,,2026-03-24 14:33:07.485991+00,[701]臺南市東區泉南里32鄰林森路一段153巷58號
211XBQ,私立童話世界幼兒園,幼稚園,私立,東區,台南市東區崇德廿二街65號,,,,NONE,NONE,,2026-03-24 14:33:07.485991+00,[701]臺南市東區崇文里25鄰崇德廿二街65號
114775,市立吉貝耍國小,國小,公立,東山區,台南市東山區15號,,,,NONE,NONE,,2026-03-24 14:31:41.155065+00,[733]臺南市東山區東河里15號
114538,市立東原國中,國中,公立,東山區,台南市東山區瓦厝70號,,,,NONE,NONE,,2026-03-24 14:31:41.155065+00,[733]臺南市東山區東原里瓦厝70號
114772,市立東原國小,國小,公立,東山區,台南市東山區8號,,,,NONE,NONE,,2026-03-24 14:31:41.155065+00,[733]臺南市東山區東原里23鄰8號
114770,市立東山國小,國小,公立,東山區,台南市東山區青業路2段49號,,,,NONE,NONE,,2026-03-24 14:31:41.155065+00,[733]臺南市東山區東中里青業路二段49號
114771,市立聖賢國小,國小,公立,東山區,台南市東山區田尾29號,,,,NONE,NONE,,2026-03-24 14:31:41.155065+00,[733]臺南市東山區聖賢里田尾29號
114774,市立青山國小,國小,公立,東山區,台南市東山區16號,,,,NONE,NONE,,2026-03-24 14:31:41.155065+00,[733]臺南市東山區青山里16號
114X69,東山區吉貝耍國民小學附設幼兒園,幼稚園,公立,東山區,台南市東山區15號,,,,NONE,NONE,,2026-03-24 14:33:07.485991+00,[733]臺南市東山區東河里2鄰15號
114X67,東山區東原國民小學附設幼兒園,幼稚園,公立,東山區,台南市東山區8號,,,,NONE,NONE,,2026-03-24 14:33:07.485991+00,[733]臺南市東山區東原里23鄰8號
114X85,東山區聖賢國民小學附設幼兒園,幼稚園,公立,東山區,台南市東山區田尾29號,,,,NONE,NONE,,2026-03-24 14:33:07.485991+00,[733]臺南市東山區聖賢里12鄰田尾29號
114X68,東山區青山國民小學附設幼兒園,幼稚園,公立,東山區,台南市東山區16號,,,,NONE,NONE,,2026-03-24 14:33:07.485991+00,[733]臺南市東山區青山里1鄰16號
111XA8,私立幸福幼兒園,幼稚園,私立,東山區,台南市東山區東山320號,,,,NONE,NONE,,2026-03-24 14:31:41.155065+00,[733]臺南市東山區東山里21鄰東山320號
111XA9,私立慈仁幼兒園,幼稚園,私立,東山區,台南市東山區凹仔腳47號,,,,NONE,NONE,,2026-03-24 14:31:41.155065+00,[733]臺南市東山區大客里20鄰凹仔腳47號
111325,私立華濟永安高中,高中,私立,東山區,台南市東山區頂窩65號,,,,NONE,NONE,,2026-03-24 14:31:41.155065+00,[733]臺南市東山區聖賢里頂窩65號
114761,市立太康國小,國小,公立,柳營區,台南市柳營區4之1號,,,,NONE,NONE,,2026-03-24 14:31:41.155065+00,[736]臺南市柳營區太康里4之1號
114762,市立新山國小,國小,公立,柳營區,台南市柳營區新吉庄28之1號,,,,NONE,NONE,,2026-03-24 14:31:41.155065+00,[736]臺南市柳營區旭山里新吉庄28之1號
114759,市立果毅國小,國小,公立,柳營區,台南市柳營區61號,,,,NONE,NONE,,2026-03-24 14:31:41.155065+00,[736]臺南市柳營區果毅里61號
114X63,柳營區太康國民小學附設幼兒園,幼稚園,公立,柳營區,台南市柳營區4號,,,,NONE,NONE,,2026-03-24 14:33:07.485991+00,[736]臺南市柳營區太康里1鄰4-1號
114X84,柳營區新山國民小學附設幼兒園,幼稚園,公立,柳營區,台南市柳營區新吉庄28號,,,,NONE,NONE,,2026-03-24 14:33:07.485991+00,[736]臺南市柳營區旭山里4鄰新吉庄28-1號
114X61,柳營區果毅國民小學附設幼兒園,幼稚園,公立,柳營區,台南市柳營區61號,,,,NONE,NONE,,2026-03-24 14:33:07.485991+00,[736]臺南市柳營區果毅里6鄰61號
111326,私立新榮高中,高中,私立,柳營區,台南市柳營區132之12號,,,,NONE,NONE,,2026-03-24 14:31:41.155065+00,[736]臺南市柳營區光福里132之12號
111X70,私立欣榮幼兒園,幼稚園,私立,柳營區,台南市柳營區132號,,,,NONE,NONE,,2026-03-24 14:31:41.155065+00,[736]臺南市柳營區光福里25鄰132-12號
111XA2,私立皇明幼兒園,幼稚園,私立,柳營區,台南市柳營區五軍營38號,,,,NONE,NONE,,2026-03-24 14:31:41.155065+00,[736]臺南市柳營區重溪里20鄰五軍營38號
111XE8,私立貝特幼兒園,幼稚園,私立,柳營區,台南市柳營區義士路ㄧ段661號,,,,NONE,NONE,,2026-03-24 14:31:41.155065+00,[736]臺南市柳營區篤農里19鄰義士路ㄧ段661號
111Y57,私立仁愛幼兒園,幼稚園,私立,歸仁區,台南市歸仁區成功三街255號,,,,NONE,NONE,,2026-03-24 14:33:07.485991+00,[711]臺南市歸仁區看西里23鄰成功三街255號
114625,市立三村國小,國小,公立,永康區,台南市永康區鹽行路2號,,,,NONE,NONE,,2026-03-24 14:31:41.155065+00,[710]臺南市永康區塩洲里鹽行路2號
114782,市立永信國小,國小,公立,永康區,台南市永康區復華7街166號,,,,NONE,NONE,,2026-03-24 14:31:41.155065+00,[710]臺南市永康區復華7街166號
114Y09,永康區三村國民小學附設幼兒園,幼稚園,公立,永康區,台南市永康區鹽行路2號,,,,NONE,NONE,,2026-03-24 14:33:07.485991+00,[710]臺南市永康區塩洲里2鄰鹽行路2號
111XD2,私立上恩幼兒園,幼稚園,私立,永康區,台南市永康區大灣路40巷76號,,,,NONE,NONE,,2026-03-24 14:31:41.155065+00,[710]臺南市永康區北灣里35鄰大灣路40巷76號
111Y19,私立娃娃幼兒園,幼稚園,私立,永康區,台南市永康區中華路280之32號,,,,NONE,NONE,,2026-03-24 14:33:07.485991+00,[710]臺南市永康區中興里17鄰中華路280之32號
111Y65,私立崑山科技大學附設臺南市幼兒園,幼稚園,私立,永康區,台南市永康區大灣路949號,,,,NONE,NONE,,2026-03-24 14:33:07.485991+00,[710]臺南市永康區崑山里8鄰大灣路949號
111XER,私立新皇家幼兒園,幼稚園,私立,永康區,台南市永康區中華路392號,,,,NONE,NONE,,2026-03-24 14:31:41.155065+00,[710]臺南市永康區五王里2鄰中華路392號1-3樓
111X69,私立艾迪斯幼兒園,幼稚園,私立,永康區,台南市永康區鹽洲一街27號,,,,NONE,NONE,,2026-03-24 14:31:41.155065+00,[710]臺南市永康區塩行里12鄰鹽洲一街27號
114637,市立層林國小,國小,公立,玉井區,台南市玉井區115號,,,,NONE,NONE,,2026-03-24 14:31:41.155065+00,[714]臺南市玉井區層林里115號
113K04,玉井區層林國民小學附設幼兒園,幼稚園,公立,玉井區,台南市玉井區115號,,,,NONE,NONE,,2026-03-24 14:33:07.485991+00,[714]臺南市玉井區層林里10鄰115號
111XCC,私立玉沙幼兒園,幼稚園,私立,玉井區,台南市玉井區3號,,,,NONE,NONE,,2026-03-24 14:31:41.155065+00,[714]臺南市玉井區沙田里1鄰3-3號
114753,市立仙草國小,國小,公立,白河區,台南市白河區22號,,,,NONE,NONE,,2026-03-24 14:31:41.155065+00,[732]臺南市白河區仙草里22號
213698,市立仙草國小-關嶺分校,國小,公立,白河區,台南市白河區22號,,,,NONE,NONE,,2026-03-24 14:31:41.155065+00,[732]臺南市白河區仙草里22號
114751,市立內角國小,國小,公立,白河區,台南市白河區1號,,,,NONE,NONE,,2026-03-24 14:31:41.155065+00,[732]臺南市白河區內角里1號
114756,市立大竹國小,國小,公立,白河區,台南市白河區3號,,,,NONE,NONE,,2026-03-24 14:31:41.155065+00,[732]臺南市白河區大竹里3號
114755,市立河東國小,國小,公立,白河區,台南市白河區83之1號,,,,NONE,NONE,,2026-03-24 14:31:41.155065+00,[732]臺南市白河區河東里83之1號
213697,市立河東國小-六溪分校,國小,公立,白河區,台南市白河區26號,,,,NONE,NONE,,2026-03-24 14:31:41.155065+00,[732]臺南市白河區六溪里26號
114749,市立玉豐國小,國小,公立,白河區,台南市白河區85號,,,,NONE,NONE,,2026-03-24 14:31:41.155065+00,[732]臺南市白河區玉豐里85號
114535,市立白河國中,國中,公立,白河區,台南市白河區三間厝220號,,,,NONE,NONE,,2026-03-24 14:31:41.155065+00,[732]臺南市白河區昇安里三間厝220號
114750,市立竹門國小,國小,公立,白河區,台南市白河區113號,,,,NONE,NONE,,2026-03-24 14:31:41.155065+00,[732]臺南市白河區竹門里113號
114X57,白河區內角國民小學附設幼兒園,幼稚園,公立,白河區,台南市白河區1號,,,,NONE,NONE,,2026-03-24 14:33:07.485991+00,[732]臺南市白河區內角里12鄰1號
114X59,白河區大竹國民小學附設幼兒園,幼稚園,公立,白河區,台南市白河區3號,,,,NONE,NONE,,2026-03-24 14:33:07.485991+00,[732]臺南市白河區大竹里1鄰3號
114X58,白河區河東國民小學附設幼兒園,幼稚園,公立,白河區,台南市白河區83號,,,,NONE,NONE,,2026-03-24 14:33:07.485991+00,[732]臺南市白河區河東里6鄰83-1號
114X56,白河區玉豐國民小學附設幼兒園,幼稚園,公立,白河區,台南市白河區85號,,,,NONE,NONE,,2026-03-24 14:33:07.485991+00,[732]臺南市白河區玉豐里10鄰85號
113K07,白河區竹門國民小學附設幼兒園,幼稚園,公立,白河區,台南市白河區113號,,,,NONE,NONE,,2026-03-24 14:33:07.485991+00,[732]臺南市白河區竹門里10鄰113號
111X9Z,白河區農會附設私立幼兒園,幼稚園,私立,白河區,台南市白河區新厝子71號,,,,NONE,NONE,,2026-03-24 14:31:41.155065+00,[732]臺南市白河區永安里18鄰新厝子71-127號
111X81,私立日光幼稚園,幼稚園,私立,白河區,台南縣白河鎮庄內86之21號,,,,NONE,NONE,,2026-03-24 14:31:41.155065+00,[732]臺南縣白河鎮庄內86之21號
114678,市立後營國小,國小,公立,西港區,台南市西港區3號,,,,NONE,NONE,,2026-03-24 14:31:41.155065+00,[723]臺南市西港區營西里3號
213694,市立後營國小-金砂分校,國小,公立,西港區,台南市西港區10號,,,,NONE,NONE,,2026-03-24 14:31:41.155065+00,[723]台南市西港區金砂里10-1號 
114680,市立松林國小,國小,公立,西港區,台南市西港區39之1號,,,,NONE,NONE,,2026-03-24 14:31:41.155065+00,[723]臺南市西港區檨林里39之1號
114676,市立港東國小,國小,公立,西港區,台南市西港區雙張廍1之1號,,,,NONE,NONE,,2026-03-24 14:31:41.155065+00,[723]臺南市西港區港東里雙張廍1之1號
114677,市立西港區成功國小,國小,公立,西港區,台南市西港區11號,,,,NONE,NONE,,2026-03-24 14:31:41.155065+00,[723]臺南市西港區竹林里11號
111XB6,私立福祺幼兒園,幼稚園,私立,西港區,台南市西港區中州27號,,,,NONE,NONE,,2026-03-24 14:31:41.155065+00,[723]臺南市西港區慶安里4鄰中州27-1號
111XB9,私立菩提幼兒園,幼稚園,私立,西港區,台南市西港區27號,,,,NONE,NONE,,2026-03-24 14:31:41.155065+00,[723]臺南市西港區西港里1鄰27-26號
114Y07,西港區後營國民小學附設幼兒園,幼稚園,公立,西港區,台南市西港區3號,,,,NONE,NONE,,2026-03-24 14:33:07.485991+00,[723]臺南市西港區營西里1鄰3號
114X87,西港區成功國民小學附設幼兒園,幼稚園,公立,西港區,台南市西港區11號,,,,NONE,NONE,,2026-03-24 14:33:07.485991+00,[723]臺南市西港區竹林里2鄰11號
114Y13,西港區港東國民小學附設幼兒園,幼稚園,公立,西港區,台南市西港區雙張廍1號,,,,NONE,NONE,,2026-03-24 14:33:07.485991+00,[723]臺南市西港區港東里9鄰雙張廍1-1號
114743,市立仁光國小,國小,公立,鹽水區,台南市鹽水區117號,,,,NONE,NONE,,2026-03-24 14:31:41.155065+00,[737]臺南市鹽水區舊營里117號
114739,市立坔頭港國小,國小,公立,鹽水區,台南市鹽水區202號,,,,NONE,NONE,,2026-03-24 14:31:41.155065+00,[737]臺南市鹽水區南港里202號
114744,市立岸內國小,國小,公立,鹽水區,台南市鹽水區新岸內96號,,,,NONE,NONE,,2026-03-24 14:31:41.155065+00,[737]臺南市鹽水區岸內里新岸內96號
114747,市立文昌國小,國小,公立,鹽水區,台南市鹽水區10之3號,,,,NONE,NONE,,2026-03-24 14:31:41.155065+00,[737]臺南市鹽水區後宅里10之3號
114738,市立歡雅國小,國小,公立,鹽水區,台南市鹽水區31號,,,,NONE,NONE,,2026-03-24 14:31:41.155065+00,[737]臺南市鹽水區歡雅里31號
114742,市立竹埔國小,國小,公立,鹽水區,台南市鹽水區92之1號,,,,NONE,NONE,,2026-03-24 14:31:41.155065+00,[737]臺南市鹽水區竹埔里92之1號
114737,市立鹽水國小,國小,公立,鹽水區,台南市鹽水區朝琴路137號,,,,NONE,NONE,,2026-03-24 14:31:41.155065+00,[737]臺南市鹽水區朝琴路137號
111Y20,私立大衛營幼兒園,幼稚園,私立,鹽水區,台南市鹽水區和平路335號,,,,NONE,NONE,,2026-03-24 14:33:07.485991+00,[737]臺南市鹽水區岸內里7鄰和平路335號
114X99,鹽水區仁光國民小學附設幼兒園,幼稚園,公立,鹽水區,台南市鹽水區117號,,,,NONE,NONE,,2026-03-24 14:33:07.485991+00,[737]臺南市鹽水區舊營里3鄰117號
114X51,鹽水區坔頭港國民小學附設幼兒園,幼稚園,公立,鹽水區,台南市鹽水區202號,,,,NONE,NONE,,2026-03-24 14:33:07.485991+00,[737]臺南市鹽水區南港里9鄰202號
114X52,鹽水區岸內國民小學附設幼兒園,幼稚園,公立,鹽水區,台南市鹽水區新岸內96號,,,,NONE,NONE,,2026-03-24 14:33:07.485991+00,[737]臺南市鹽水區岸內里14鄰新岸內96號
114X53,鹽水區文昌國民小學附設幼兒園,幼稚園,公立,鹽水區,台南市鹽水區10號,,,,NONE,NONE,,2026-03-24 14:33:07.485991+00,[737]臺南市鹽水區後宅里3鄰10-3號
114X50,鹽水區歡雅國民小學附設幼兒園,幼稚園,公立,鹽水區,台南市鹽水區31號,,,,NONE,NONE,,2026-03-24 14:33:07.485991+00,[737]臺南市鹽水區歡雅里2鄰31號
114X89,鹽水區竹埔國民小學附設幼兒園,幼稚園,公立,鹽水區,台南市鹽水區92號,,,,NONE,NONE,,2026-03-24 14:33:07.485991+00,[737]臺南市鹽水區竹埔里5鄰92-1號
114X49,鹽水區鹽水國民小學附設幼兒園,幼稚園,公立,鹽水區,台南市鹽水區朝琴路137號,,,,NONE,NONE,,2026-03-24 14:33:07.485991+00,[737]臺南市鹽水區水秀里7鄰朝琴路137號
110410,國立曾文農工,高職,公立,麻豆區,台南市麻豆區南勢1號,,,,NONE,NONE,,2026-03-24 14:31:41.155065+00,[721]臺南市麻豆區南勢里南勢1號
114662,市立大山國小,國小,公立,麻豆區,台南市麻豆區大山腳1號,,,,NONE,NONE,,2026-03-24 14:31:41.155065+00,[721]臺南市麻豆區大山里大山腳1號
114663,市立安業國小,國小,公立,麻豆區,台南市麻豆區113號,,,,NONE,NONE,,2026-03-24 14:31:41.155065+00,[721]臺南市麻豆區安東里113號
114661,市立文正國小,國小,公立,麻豆區,台南市麻豆區86號,,,,NONE,NONE,,2026-03-24 14:31:41.155065+00,[721]臺南市麻豆區南勢里86號
114665,市立港尾國小,國小,公立,麻豆區,台南市麻豆區港尾9號,,,,NONE,NONE,,2026-03-24 14:31:41.155065+00,[721]臺南市麻豆區港尾里港尾9號
114667,市立紀安國小,國小,公立,麻豆區,台南市麻豆區231號,,,,NONE,NONE,,2026-03-24 14:31:41.155065+00,[721]臺南市麻豆區謝安里231號
114518,市立麻豆國中,國中,公立,麻豆區,台南市麻豆區36號,,,,NONE,NONE,,2026-03-24 14:31:41.155065+00,[721]臺南市麻豆區南勢里36號
114X9S,市立麻豆幼兒園,幼稚園,公立,麻豆區,台南市麻豆區溝仔墘2號,,,,NONE,NONE,,2026-03-24 14:33:07.485991+00,[721]臺南市麻豆區龍泉里1鄰溝仔墘2-6號
111XEP,私立大地暘光幼兒園,幼稚園,私立,麻豆區,台南市麻豆區客子寮293號,,,,NONE,NONE,,2026-03-24 14:31:41.155065+00,[721]臺南市麻豆區港尾里15鄰客子寮293號
111XAA,私立小天使幼兒園,幼稚園,私立,麻豆區,台南市麻豆區140號,,,,NONE,NONE,,2026-03-24 14:31:41.155065+00,[721]臺南市麻豆區磚井里13鄰140-38號
111XAC,私立福祐幼兒園,幼稚園,私立,麻豆區,台南市麻豆區關帝廟14號,,,,NONE,NONE,,2026-03-24 14:31:41.155065+00,[721]臺南市麻豆區南勢里2鄰關帝廟14-18號
111323,私立黎明高中,高中,私立,麻豆區,台南市麻豆區141號,,,,NONE,NONE,,2026-03-24 14:31:41.155065+00,[721]臺南市麻豆區磚井里141號
114X30,麻豆區北勢國民小學附設幼兒園,幼稚園,公立,麻豆區,台南市麻豆區北勢寮15號,,,,NONE,NONE,,2026-03-24 14:33:07.485991+00,[721]臺南市麻豆區北勢里10鄰北勢寮15號
114X77,麻豆區大山國民小學附設幼兒園,幼稚園,公立,麻豆區,台南市麻豆區大山腳1號,,,,NONE,NONE,,2026-03-24 14:33:07.485991+00,[721]臺南市麻豆區大山里1鄰大山腳1號
114X29,麻豆區文正國民小學附設幼兒園,幼稚園,公立,麻豆區,台南市麻豆區86號,,,,NONE,NONE,,2026-03-24 14:33:07.485991+00,[721]臺南市麻豆區南勢里25鄰86號
114Y06,麻豆區港尾國民小學附設幼兒園,幼稚園,公立,麻豆區,台南市麻豆區9號,,,,NONE,NONE,,2026-03-24 14:33:07.485991+00,[721]臺南市麻豆區港尾里5鄰9號
114Y01,麻豆區紀安國民小學附設幼兒園,幼稚園,公立,麻豆區,台南市麻豆區231號,,,,NONE,NONE,,2026-03-24 14:33:07.485991+00,[721]臺南市麻豆區謝安里9鄰231號
114508,市立龍崎國中,國中,公立,龍崎區,台南市龍崎區新市子258號,,,,NONE,NONE,,2026-03-24 14:31:41.155065+00,[719]臺南市龍崎區新市子258號
114620,市立龍崎國小,國小,公立,龍崎區,台南市龍崎區新市子41號,,,,NONE,NONE,,2026-03-24 14:31:41.155065+00,[719]臺南市龍崎區崎頂里新市子41號
213692,市立龍崎國小-龍船分校,國小,公立,龍崎區,台南市龍崎區苦苓湖10號,,,,NONE,NONE,,2026-03-24 14:31:41.155065+00,[719]台南市龍崎區龍船里苦苓湖10號
114XA6,市立龍崎幼兒園,幼稚園,公立,龍崎區,台南市龍崎區41號,,,,NONE,NONE,,2026-03-24 14:33:07.485991+00,[719]臺南市龍崎區崎頂里2鄰41號
114X93,龍崎區龍崎國民小學附設幼兒園,幼稚園,公立,龍崎區,台南市龍崎區新市子41號,,,,NONE,NONE,,2026-03-24 14:33:07.485991+00,[719]臺南市龍崎區崎頂里2鄰新市子41號
